database,method,subject_id,accuracy,cov_fro_before,cov_fro_after,mmd_before,mmd_after
db2,raw,1,0.189281,5.1582,5.1582,2.61007,2.61007
db2,raw,2,0.127893,3.9689,3.9689,3.554508,3.554508
db2,raw,3,0.141417,4.146,4.146,1.481458,1.481458
db2,raw,4,0.109309,7.4577,7.4577,1.316649,1.316649
db2,raw,5,0.148763,9.4499,9.4499,2.090074,2.090074
db2,raw,6,0.167392,4.657,4.657,1.901573,1.901573
db2,raw,7,0.106546,10.744,10.744,37.508645,37.508645
db2,raw,8,0.108617,6.8623,6.8623,11.824702,11.824702
db2,raw,9,0.13303,4.7752,4.7752,5.269358,5.269358
db2,raw,10,0.130827,6.3094,6.3094,2.141288,2.141288
db2,raw,11,0.12912,4.3253,4.3253,3.803857,3.803857
db2,raw,12,0.114883,5.2289,5.2289,4.16637,4.16637
db2,raw,13,0.099494,5.2152,5.2152,4.147568,4.147568
db2,raw,14,0.132231,4.1109,4.1109,2.731372,2.731372
db2,raw,15,0.179727,16.8908,16.8908,6.36721,6.36721
db2,raw,16,0.09805,10.5113,10.5113,4.547666,4.547666
db2,raw,17,0.070739,4.3995,4.3995,3.08573,3.08573
db2,raw,18,0.120625,6.2465,6.2465,1.351991,1.351991
db2,raw,19,0.142999,5.0092,5.0092,1.469499,1.469499
db2,raw,20,0.125393,9.8941,9.8941,17.648694,17.648694
db2,raw,21,0.135205,4.2935,4.2935,2.457091,2.457091
db2,raw,22,0.129424,5.5687,5.5687,3.227267,3.227267
db2,raw,23,0.059193,6.7895,6.7895,101.954392,101.954392
db2,raw,24,0.124099,4.3325,4.3325,2.523983,2.523983
db2,raw,25,0.161513,4.8889,4.8889,0.916943,0.916943
db2,raw,26,0.109611,4.4087,4.4087,2.371613,2.371613
db2,raw,27,0.124773,9.262,9.262,1.572356,1.572356
db2,raw,28,0.163115,5.0122,5.0122,1.451687,1.451687
db2,raw,29,0.1185,5.0258,5.0258,2.861154,2.861154
db2,raw,30,0.17375,4.7141,4.7141,2.795825,2.795825
db2,raw,31,0.114265,9.1603,9.1603,1.617983,1.617983
db2,raw,32,0.19768,5.2587,5.2587,2.426907,2.426907
db2,raw,33,0.099893,5.8569,5.8569,2.662343,2.662343
db2,raw,34,0.097718,5.0232,5.0232,3.270083,3.270083
db2,raw,35,0.094975,5.4663,5.4663,2.528926,2.528926
db2,raw,36,0.140315,5.0088,5.0088,2.223679,2.223679
db2,raw,37,0.129602,4.8531,4.8531,3.06012,3.06012
db2,raw,38,0.165475,5.3858,5.3858,3.358344,3.358344
db2,raw,39,0.144829,6.0343,6.0343,2.48279,2.48279
db2,raw,40,0.172079,5.3518,5.3518,1.42499,1.42499
db2,centering,1,0.189281,5.1582,5.1582,2.61007,2.61007
db2,centering,2,0.127893,3.9689,3.9689,3.554508,3.554508
db2,centering,3,0.141417,4.146,4.146,1.481458,1.481458
db2,centering,4,0.109309,7.4577,7.4577,1.316649,1.316649
db2,centering,5,0.148763,9.4499,9.4499,2.090074,2.090074
db2,centering,6,0.167392,4.657,4.657,1.901573,1.901573
db2,centering,7,0.106546,10.744,10.744,37.508645,37.508645
db2,centering,8,0.108617,6.8623,6.8623,11.824702,11.824702
db2,centering,9,0.13303,4.7752,4.7752,5.269358,5.269358
db2,centering,10,0.130827,6.3094,6.3094,2.141288,2.141288
db2,centering,11,0.12912,4.3253,4.3253,3.803857,3.803857
db2,centering,12,0.114883,5.2289,5.2289,4.16637,4.16637
db2,centering,13,0.099494,5.2152,5.2152,4.147568,4.147568
db2,centering,14,0.132231,4.1109,4.1109,2.731372,2.731372
db2,centering,15,0.179727,16.8908,16.8908,6.36721,6.36721
db2,centering,16,0.09805,10.5113,10.5113,4.547666,4.547666
db2,centering,17,0.070739,4.3995,4.3995,3.08573,3.08573
db2,centering,18,0.120625,6.2465,6.2465,1.351991,1.351991
db2,centering,19,0.142999,5.0092,5.0092,1.469499,1.469499
db2,centering,20,0.125393,9.8941,9.8941,17.648694,17.648694
db2,centering,21,0.135205,4.2935,4.2935,2.457091,2.457091
db2,centering,22,0.129424,5.5687,5.5687,3.227267,3.227267
db2,centering,23,0.059193,6.7895,6.7895,101.954392,101.954392
db2,centering,24,0.124099,4.3325,4.3325,2.523983,2.523983
db2,centering,25,0.161513,4.8889,4.8889,0.916943,0.916943
db2,centering,26,0.109611,4.4087,4.4087,2.371613,2.371613
db2,centering,27,0.124773,9.262,9.262,1.572356,1.572356
db2,centering,28,0.163115,5.0122,5.0122,1.451687,1.451687
db2,centering,29,0.1185,5.0258,5.0258,2.861154,2.861154
db2,centering,30,0.17375,4.7141,4.7141,2.795825,2.795825
db2,centering,31,0.114265,9.1603,9.1602,1.617983,1.617983
db2,centering,32,0.19768,5.2587,5.2587,2.426907,2.426907
db2,centering,33,0.099893,5.8569,5.8569,2.662343,2.662343
db2,centering,34,0.097718,5.0232,5.0232,3.270083,3.270083
db2,centering,35,0.094975,5.4663,5.4663,2.528926,2.528926
db2,centering,36,0.140315,5.0088,5.0088,2.223679,2.223679
db2,centering,37,0.129602,4.8531,4.8531,3.06012,3.06012
db2,centering,38,0.165475,5.3858,5.3858,3.358344,3.358344
db2,centering,39,0.144829,6.0343,6.0343,2.48279,2.48279
db2,centering,40,0.172079,5.3518,5.3518,1.42499,1.42499
db2,coral,1,0.13512,5.1582,12.2545,2.61007,0.0
db2,coral,2,0.091653,3.9689,8.6704,3.554508,0.0
db2,coral,3,0.087555,4.146,8.94,1.481458,0.0
db2,coral,4,0.064885,7.4577,98.8186,1.316649,0.0
db2,coral,5,0.129549,9.4499,100.5033,2.090074,0.0
db2,coral,6,0.104266,4.657,25.5411,1.901573,0.0
db2,coral,7,0.071901,10.744,129.7114,37.508645,0.0
db2,coral,8,0.060127,6.8623,65.7252,11.824702,0.0
db2,coral,9,0.160603,4.7752,10.1528,5.269358,0.0
db2,coral,10,0.105073,6.3094,44.8089,2.141288,0.0
db2,coral,11,0.078331,4.3253,11.62,3.803857,0.0
db2,coral,12,0.083116,5.2289,37.4744,4.16637,0.0
db2,coral,13,0.067735,5.2152,16.3814,4.147568,0.0
db2,coral,14,0.110483,4.1109,10.9694,2.731372,0.0
db2,coral,15,0.090243,16.8908,297.6816,6.36721,0.0
db2,coral,16,0.076627,10.5113,141.0444,4.547666,0.0
db2,coral,17,0.071667,4.3995,8.4972,3.08573,0.0
db2,coral,18,0.086458,6.2465,27.6746,1.351991,0.0
db2,coral,19,0.072886,5.0092,15.3078,1.469499,0.0
db2,coral,20,0.093924,9.8941,87.177,17.648694,0.0
db2,coral,21,0.134945,4.2935,10.4778,2.457091,0.0
db2,coral,22,0.105652,5.5687,6.9588,3.227267,0.0
db2,coral,23,0.098515,6.7895,39.4592,101.954392,0.0
db2,coral,24,0.08018,4.3325,16.116,2.523983,0.0
db2,coral,25,0.106571,4.8889,9.275,0.916943,0.0
db2,coral,26,0.109971,4.4087,12.8589,2.371613,0.0
db2,coral,27,0.126072,9.262,120.7783,1.572356,0.0
db2,coral,28,0.106356,5.0122,12.7036,1.451687,0.0
db2,coral,29,0.09946,5.0258,8.3835,2.861154,0.0
db2,coral,30,0.118654,4.7141,8.5861,2.795825,0.0
db2,coral,31,0.070859,9.1603,87.0207,1.617983,0.0
db2,coral,32,0.132673,5.2587,22.0545,2.426907,0.0
db2,coral,33,0.085165,5.8569,19.2809,2.662343,0.0
db2,coral,34,0.111316,5.0232,9.4897,3.270083,0.0
db2,coral,35,0.085132,5.4663,31.5506,2.528926,0.0
db2,coral,36,0.115037,5.0088,21.577,2.223679,0.0
db2,coral,37,0.077074,4.8531,11.9518,3.06012,0.0
db2,coral,38,0.142347,5.3858,25.2088,3.358344,0.0
db2,coral,39,0.109559,6.0343,34.5311,2.48279,0.0
db2,coral,40,0.144627,5.3518,9.2304,1.42499,0.0
db2,tca,1,0.161072,5.1582,3607586560.0,2.61007,40449081.501431
db2,tca,2,0.135609,3.9689,3055041536.0,3.554508,22099603.854864
db2,tca,3,0.123463,4.146,2846389760.0,1.481458,12630740.329512
db2,tca,4,0.096221,7.4577,4703642112.0,1.316649,25857734.871507
db2,tca,5,0.153712,9.4499,6305731072.0,2.090074,27202289.290582
db2,tca,6,0.183936,4.657,3530308352.0,1.901573,15703338.700947
db2,tca,7,0.103412,10.744,5669944832.0,37.508645,21126900.709456
db2,tca,8,0.093378,6.8623,3834933760.0,11.824702,31942537.405282
db2,tca,9,0.134451,4.7752,3246404096.0,5.269358,25015031.37429
db2,tca,10,0.119238,6.3094,4053475584.0,2.141288,28339261.896163
db2,tca,11,0.120681,4.3253,2826006272.0,3.803857,15308310.499375
db2,tca,12,0.106179,5.2289,2715639296.0,4.16637,51125081.153369
db2,tca,13,0.106802,5.2152,3696456448.0,4.147568,26830017.708166
db2,tca,14,0.132666,4.1109,2455443712.0,2.731372,34313367.69924
db2,tca,15,0.143074,16.8908,8897615872.0,6.36721,86984130.270685
db2,tca,16,0.089261,10.5113,5020503040.0,4.547666,19455521.527246
db2,tca,17,0.098403,4.3995,3122530560.0,3.08573,14484185.231302
db2,tca,18,0.112917,6.2465,4307894272.0,1.351991,33502510.829784
db2,tca,19,0.131313,5.0092,3343357952.0,1.469499,18460050.199243
db2,tca,20,0.108448,9.8941,6327826432.0,17.648694,50043858.4056
db2,tca,21,0.152366,4.2935,2449264896.0,2.457091,29609063.435848
db2,tca,22,0.128368,5.5687,4217723648.0,3.227267,21336189.288095
db2,tca,23,0.091822,6.7895,3410930432.0,101.954392,45266813.019332
db2,tca,24,0.131306,4.3325,2829479424.0,2.523983,42106172.035601
db2,tca,25,0.136665,4.8889,3231439104.0,0.916943,30003707.739064
db2,tca,26,0.105472,4.4087,2706499072.0,2.371613,16346681.643821
db2,tca,27,0.117234,9.262,3984875520.0,1.572356,58708521.089453
db2,tca,28,0.136616,5.0122,3003089920.0,1.451687,10103047.441563
db2,tca,29,0.140381,5.0258,3519215616.0,2.861154,46210725.792797
db2,tca,30,0.175521,4.7141,2897997824.0,2.795825,11633107.064269
db2,tca,31,0.094973,9.1603,5404253696.0,1.617983,23450726.186854
db2,tca,32,0.19333,5.2587,3761103360.0,2.426907,35605276.763081
db2,tca,33,0.122092,5.8569,3666995200.0,2.662343,36529821.572164
db2,tca,34,0.119613,5.0232,3672169216.0,3.270083,14184697.729683
db2,tca,35,0.094112,5.4663,4142440192.0,2.528926,18272779.563435
db2,tca,36,0.137219,5.0088,3431917312.0,2.223679,60499315.304769
db2,tca,37,0.140648,4.8531,3357348096.0,3.06012,37600949.523145
db2,tca,38,0.159378,5.3858,3464561920.0,3.358344,43806843.193803
db2,tca,39,0.130175,6.0343,4248613376.0,2.48279,26474034.755028
db2,tca,40,0.168731,5.3518,4053961984.0,1.42499,33486112.942102
db2,sa,1,0.148378,5.1582,5.0975,2.61007,0.0
db2,sa,2,0.123685,3.9689,3.9037,3.554508,0.0
db2,sa,3,0.115101,4.146,4.0763,1.481458,0.0
db2,sa,4,0.108756,7.4577,7.4599,1.316649,0.0
db2,sa,5,0.131295,9.4499,9.4376,2.090074,0.0
db2,sa,6,0.154767,4.657,4.6283,1.901573,0.0
db2,sa,7,0.094882,10.744,10.7375,37.508645,0.0
db2,sa,8,0.098365,6.8623,6.8328,11.824702,0.0
db2,sa,9,0.135873,4.7752,4.7269,5.269358,0.0
db2,sa,10,0.103013,6.3094,6.2715,2.141288,0.0
db2,sa,11,0.116383,4.3253,4.2692,3.803857,0.0
db2,sa,12,0.101175,5.2289,5.204,4.16637,0.0
db2,sa,13,0.097246,5.2152,5.1545,4.147568,0.0
db2,sa,14,0.120705,4.1109,4.0637,2.731372,0.0
db2,sa,15,0.151163,16.8908,16.9237,6.36721,0.0
db2,sa,16,0.10986,10.5113,10.5089,4.547666,0.0
db2,sa,17,0.08485,4.3995,4.3433,3.08573,0.0
db2,sa,18,0.096042,6.2465,6.222,1.351991,0.0
db2,sa,19,0.123391,5.0092,4.9764,1.469499,0.0
db2,sa,20,0.10748,9.8941,9.8926,17.648694,0.0
db2,sa,21,0.133385,4.2935,4.2488,2.457091,0.0
db2,sa,22,0.123085,5.5687,5.474,3.227267,0.0
db2,sa,23,0.08241,6.7895,6.7526,101.954392,0.0
db2,sa,24,0.134009,4.3325,4.2917,2.523983,0.0
db2,sa,25,0.117615,4.8889,4.829,0.916943,0.0
db2,sa,26,0.098992,4.4087,4.3718,2.371613,0.0
db2,sa,27,0.118794,9.262,9.2624,1.572356,0.0
db2,sa,28,0.129633,5.0122,4.9754,1.451687,0.0
db2,sa,29,0.118215,5.0258,4.9525,2.861154,0.0
db2,sa,30,0.15486,4.7141,4.6743,2.795825,0.0
db2,sa,31,0.085142,9.1603,9.1482,1.617983,0.0
db2,sa,32,0.169647,5.2587,5.2187,2.426907,0.0
db2,sa,33,0.130416,5.8569,5.7932,2.662343,0.0
db2,sa,34,0.119613,5.0232,4.9462,3.270083,0.0
db2,sa,35,0.101019,5.4663,5.4509,2.528926,0.0
db2,sa,36,0.139283,5.0088,4.9584,2.223679,0.0
db2,sa,37,0.133039,4.8531,4.7916,3.06012,0.0
db2,sa,38,0.148654,5.3858,5.3536,3.358344,0.0
db2,sa,39,0.130346,6.0343,6.0192,2.48279,0.0
db2,sa,40,0.118179,5.3518,5.2571,1.42499,0.0
