method,metric,mean,std,median,n_subjects,reduction_mean,reduction_std
raw,cov_fro_before,6.1764,2.544,5.2221,40,0.0,0.0
raw,cov_fro_after,6.1764,2.544,5.2221,40,,
raw,mmd_before,6.6552,16.6352,2.6362,40,0.0,0.0
raw,mmd_after,6.6552,16.6352,2.6362,40,,
raw,accuracy,0.1308,0.0305,0.1293,40,,
centering,cov_fro_before,6.1764,2.544,5.2221,40,0.0,0.0
centering,cov_fro_after,6.1764,2.5439,5.2221,40,,
centering,mmd_before,6.6552,16.6352,2.6362,40,0.0,0.0
centering,mmd_after,6.6552,16.6352,2.6362,40,,
centering,accuracy,0.1308,0.0305,0.1293,40,,
coral,cov_fro_before,6.1764,2.544,5.2221,40,-4.3136,4.0653
coral,cov_fro_after,41.9112,55.9493,17.8312,40,,
coral,mmd_before,6.6552,16.6352,2.6362,40,1.0,0.0
coral,mmd_after,0.0,0.0,0.0,40,,
coral,accuracy,0.1001,0.0248,0.099,40,,
tca,cov_fro_before,6.1764,2.544,5.2221,40,-645368170.7699,81767348.115
tca,cov_fro_after,3875515283.2,1247075504.8501,3568947456.0,40,,
tca,mmd_before,6.6552,16.6352,2.6362,40,-11792461.0415,8229706.6321
tca,mmd_after,31052703.4885,15831482.2547,27770775.5934,40,,
tca,accuracy,0.1283,0.0262,0.1293,40,,
sa,cov_fro_before,6.1764,2.544,5.2221,40,0.0079,0.0055
sa,cov_fro_after,6.1375,2.5643,5.1792,40,,
sa,mmd_before,6.6552,16.6352,2.6362,40,1.0,0.0
sa,mmd_after,0.0,0.0,0.0,40,,
sa,accuracy,0.1202,0.0209,0.1192,40,,
