kernel_id,importance_mean,importance_std,dilation
0,0.000535,0.0,1
1,0.000738,0.0,1
2,0.000652,0.0,1
3,0.000813,0.0,1
4,0.000567,0.0,1
5,0.000586,0.0,1
6,0.00069,0.0,1
7,0.001128,0.0,1
8,0.000449,0.0,1
9,0.001006,0.0,1
10,0.000632,0.0,1
11,0.000719,0.0,1
12,0.000513,0.0,1
13,0.000913,0.0,1
14,0.000905,0.0,1
15,0.001609,0.0,1
16,0.00065,0.0,1
17,0.000468,0.0,1
18,0.000521,0.0,1
19,0.000547,0.0,1
20,0.000429,0.0,1
21,0.000332,0.0,1
22,0.000465,0.0,1
23,0.001118,0.0,1
24,0.000266,0.0,1
25,0.000754,0.0,1
26,0.001013,0.0,1
27,0.00052,0.0,1
28,0.000555,0.0,1
29,0.000544,0.0,1
30,0.000801,0.0,1
31,0.001747,0.0,1
32,0.000506,0.0,1
33,0.000985,0.0,1
34,0.000637,0.0,1
35,0.000713,0.0,1
36,0.00052,0.0,1
37,0.00047,0.0,1
38,0.000659,0.0,1
39,0.001323,0.0,1
40,0.000459,0.0,1
41,0.000701,0.0,1
42,0.000634,0.0,1
43,0.000497,0.0,1
44,0.000492,0.0,1
45,0.000632,0.0,1
46,0.000612,0.0,1
47,0.001693,0.0,1
48,0.000484,0.0,1
49,0.000526,0.0,1
50,0.000525,0.0,1
51,0.000632,0.0,1
52,0.00046,0.0,1
53,0.000491,0.0,1
54,0.000762,0.0,1
55,0.000711,0.0,1
56,0.000452,0.0,1
57,0.000582,0.0,1
58,0.000583,0.0,1
59,0.000862,0.0,1
60,0.000528,0.0,1
61,0.000491,0.0,1
62,0.000855,0.0,1
63,0.000736,0.0,1
64,0.000272,0.0,1
65,0.00078,0.0,1
66,0.000912,0.0,1
67,0.000498,0.0,1
68,0.000501,0.0,1
69,0.000595,0.0,1
70,0.000848,0.0,1
71,0.001441,0.0,1
72,0.000473,0.0,1
73,0.000561,0.0,1
74,0.000613,0.0,1
75,0.000652,0.0,1
76,0.000457,0.0,1
77,0.000546,0.0,1
78,0.00077,0.0,1
79,0.000739,0.0,1
80,0.000282,0.0,1
81,0.000705,0.0,1
82,0.000693,0.0,1
83,0.000567,0.0,1
84,0.000389,0.0,1
85,0.00056,0.0,1
86,0.000867,0.0,1
87,0.001842,0.0,1
88,0.000511,0.0,1
89,0.000752,0.0,1
90,0.000585,0.0,1
91,0.000731,0.0,1
92,0.000375,0.0,1
93,0.00043,0.0,1
94,0.001009,0.0,1
95,0.001392,0.0,1
96,0.000286,0.0,1
97,0.000494,0.0,1
98,0.000465,0.0,1
99,0.000611,0.0,1
100,0.000456,0.0,1
101,0.000552,0.0,1
102,0.000977,0.0,1
103,0.001553,0.0,1
104,0.000474,0.0,1
105,0.000482,0.0,1
106,0.000597,0.0,1
107,0.000637,0.0,1
108,0.000521,0.0,1
109,0.00065,0.0,1
110,0.000548,0.0,1
111,0.001539,0.0,1
112,0.000489,0.0,1
113,0.000936,0.0,1
114,0.00076,0.0,1
115,0.000459,0.0,1
116,0.000497,0.0,1
117,0.000428,0.0,1
118,0.000601,0.0,1
119,0.000754,0.0,1
120,0.000435,0.0,1
121,0.000476,0.0,1
122,0.000593,0.0,1
123,0.000683,0.0,1
124,0.000371,0.0,1
125,0.000509,0.0,1
126,0.000782,0.0,1
127,0.000941,0.0,1
128,0.000473,0.0,1
129,0.000526,0.0,1
130,0.000589,0.0,1
131,0.000723,0.0,1
132,0.000468,0.0,1
133,0.000508,0.0,1
134,0.000821,0.0,1
135,0.001283,0.0,1
136,0.000408,0.0,1
137,0.000908,0.0,1
138,0.000751,0.0,1
139,0.000511,0.0,1
140,0.000489,0.0,1
141,0.000648,0.0,1
142,0.00067,0.0,1
143,0.001743,0.0,1
144,0.000325,0.0,1
145,0.00053,0.0,1
146,0.000589,0.0,1
147,0.000483,0.0,1
148,0.000453,0.0,1
149,0.000419,0.0,1
150,0.000384,0.0,1
151,0.001401,0.0,1
152,0.00047,0.0,1
153,0.00053,0.0,1
154,0.000746,0.0,1
155,0.000565,0.0,1
156,0.000451,0.0,1
157,0.000549,0.0,1
158,0.000603,0.0,1
159,0.000811,0.0,1
160,0.000409,0.0,1
161,0.000686,0.0,1
162,0.000593,0.0,1
163,0.000494,0.0,1
164,0.000464,0.0,1
165,0.000558,0.0,1
166,0.000879,0.0,1
167,0.001072,0.0,1
168,0.000309,0.0,1
169,0.000737,0.0,1
170,0.00058,0.0,1
171,0.000877,0.0,1
172,0.00055,0.0,1
173,0.000511,0.0,1
174,0.000881,0.0,1
175,0.001417,0.0,1
176,0.000474,0.0,1
177,0.000955,0.0,1
178,0.000657,0.0,1
179,0.000698,0.0,1
180,0.000546,0.0,1
181,0.000617,0.0,1
182,0.000609,0.0,1
183,0.001024,0.0,1
184,0.000448,0.0,1
185,0.000729,0.0,1
186,0.000625,0.0,1
187,0.000687,0.0,1
188,0.000454,0.0,1
189,0.000621,0.0,1
190,0.000659,0.0,1
191,0.000832,0.0,1
192,0.000519,0.0,1
193,0.00071,0.0,1
194,0.000625,0.0,1
195,0.000693,0.0,1
196,0.000489,0.0,1
197,0.000874,0.0,1
198,0.000658,0.0,1
199,0.000759,0.0,1
200,0.000308,0.0,1
201,0.000705,0.0,1
202,0.000626,0.0,1
203,0.000879,0.0,1
204,0.000371,0.0,1
205,0.000623,0.0,1
206,0.00064,0.0,1
207,0.001052,0.0,1
208,0.000432,0.0,1
209,0.000639,0.0,1
210,0.000824,0.0,1
211,0.000583,0.0,1
212,0.000361,0.0,1
213,0.000628,0.0,1
214,0.000658,0.0,1
215,0.001073,0.0,1
216,0.000432,0.0,1
217,0.000521,0.0,1
218,0.000587,0.0,1
219,0.000685,0.0,1
220,0.000487,0.0,1
221,0.000891,0.0,1
222,0.000783,0.0,1
223,0.001058,0.0,1
224,0.000307,0.0,1
225,0.000625,0.0,1
226,0.000598,0.0,1
227,0.000706,0.0,1
228,0.000499,0.0,1
229,0.000899,0.0,1
230,0.000656,0.0,1
231,0.001046,0.0,1
232,0.000425,0.0,1
233,0.000478,0.0,1
234,0.000651,0.0,1
235,0.000869,0.0,1
236,0.000355,0.0,1
237,0.000806,0.0,1
238,0.000612,0.0,1
239,0.002845,0.0,1
240,0.000463,0.0,1
241,0.000956,0.0,1
242,0.000722,0.0,1
243,0.000864,0.0,1
244,0.000369,0.0,1
245,0.000534,0.0,1
246,0.000636,0.0,1
247,0.001032,0.0,1
248,0.000512,0.0,1
249,0.000642,0.0,1
250,0.000617,0.0,1
251,0.000703,0.0,1
252,0.000461,0.0,1
253,0.000506,0.0,1
254,0.001411,0.0,1
255,0.001366,0.0,1
256,0.000455,0.0,1
257,0.000697,0.0,1
258,0.000385,0.0,1
259,0.000532,0.0,1
260,0.000451,0.0,1
261,0.000633,0.0,1
262,0.000384,0.0,1
263,0.00108,0.0,1
264,0.000452,0.0,1
265,0.000707,0.0,1
266,0.000594,0.0,1
267,0.000568,0.0,1
268,0.00046,0.0,1
269,0.000902,0.0,1
270,0.000821,0.0,1
271,0.00086,0.0,1
272,0.000442,0.0,1
273,0.000703,0.0,1
274,0.000723,0.0,1
275,0.000533,0.0,1
276,0.000541,0.0,1
277,0.000622,0.0,1
278,0.000971,0.0,1
279,0.001028,0.0,1
280,0.000488,0.0,1
281,0.000637,0.0,1
282,0.000883,0.0,1
283,0.000726,0.0,1
284,0.000538,0.0,1
285,0.00042,0.0,1
286,0.000963,0.0,1
287,0.001485,0.0,1
288,0.000311,0.0,1
289,0.000549,0.0,1
290,0.000591,0.0,1
291,0.000708,0.0,1
292,0.000534,0.0,1
293,0.000527,0.0,1
294,0.000806,0.0,1
295,0.003297,0.0,1
296,0.000491,0.0,1
297,0.00071,0.0,1
298,0.000434,0.0,1
299,0.000511,0.0,1
300,0.000464,0.0,1
301,0.000635,0.0,1
302,0.00063,0.0,1
303,0.001513,0.0,1
304,0.000527,0.0,1
305,0.0007,0.0,1
306,0.00073,0.0,1
307,0.000629,0.0,1
308,0.000455,0.0,1
309,0.001027,0.0,1
310,0.000735,0.0,1
311,0.001505,0.0,1
312,0.000454,0.0,1
313,0.00065,0.0,1
314,0.000575,0.0,1
315,0.000565,0.0,1
316,0.000459,0.0,1
317,0.000618,0.0,1
318,0.000658,0.0,1
319,0.001784,0.0,1
320,0.000444,0.0,1
321,0.000757,0.0,1
322,0.000602,0.0,1
323,0.000865,0.0,1
324,0.000455,0.0,1
325,0.00062,0.0,1
326,0.000632,0.0,1
327,0.001087,0.0,1
328,0.000443,0.0,1
329,0.000565,0.0,1
330,0.000589,0.0,1
331,0.000563,0.0,1
332,0.000371,0.0,1
333,0.000547,0.0,1
334,0.000618,0.0,1
335,0.001102,0.0,1
336,0.000423,0.0,1
337,0.000568,0.0,1
338,0.000394,0.0,1
339,0.000547,0.0,1
340,0.000453,0.0,1
341,0.000544,0.0,1
342,0.000618,0.0,1
343,0.001413,0.0,1
344,0.000538,0.0,1
345,0.000659,0.0,1
346,0.000872,0.0,1
347,0.00086,0.0,1
348,0.000371,0.0,1
349,0.001045,0.0,1
350,0.001505,0.0,1
351,0.001029,0.0,1
352,0.000435,0.0,1
353,0.000573,0.0,1
354,0.000394,0.0,1
355,0.000709,0.0,1
356,0.000486,0.0,1
357,0.000502,0.0,1
358,0.00066,0.0,1
359,0.001498,0.0,1
360,0.000439,0.0,1
361,0.000576,0.0,1
362,0.000736,0.0,1
363,0.000583,0.0,1
364,0.000533,0.0,1
365,0.000529,0.0,1
366,0.000557,0.0,1
367,0.001116,0.0,1
368,0.000312,0.0,1
369,0.000701,0.0,1
370,0.000587,0.0,1
371,0.000629,0.0,1
372,0.0005,0.0,1
373,0.000531,0.0,1
374,0.000662,0.0,1
375,0.001415,0.0,1
376,0.000415,0.0,1
377,0.000708,0.0,1
378,0.000584,0.0,1
379,0.000743,0.0,1
380,0.000496,0.0,1
381,0.000634,0.0,1
382,0.000781,0.0,1
383,0.001809,0.0,1
384,0.000307,0.0,1
385,0.000657,0.0,1
386,0.000652,0.0,1
387,0.000507,0.0,1
388,0.000371,0.0,1
389,0.000553,0.0,1
390,0.000782,0.0,1
391,0.001463,0.0,1
392,0.000494,0.0,1
393,0.000763,0.0,1
394,0.000613,0.0,1
395,0.00058,0.0,1
396,0.000521,0.0,1
397,0.000415,0.0,1
398,0.000739,0.0,1
399,0.0015,0.0,1
400,0.000408,0.0,1
401,0.000698,0.0,1
402,0.000614,0.0,1
403,0.000858,0.0,1
404,0.000349,0.0,1
405,0.000415,0.0,1
406,0.000618,0.0,1
407,0.000764,0.0,1
408,0.000438,0.0,1
409,0.000772,0.0,1
410,0.000427,0.0,1
411,0.000631,0.0,1
412,0.000528,0.0,1
413,0.000413,0.0,1
414,0.000619,0.0,1
415,0.001823,0.0,1
416,0.00044,0.0,1
417,0.00071,0.0,1
418,0.000728,0.0,1
419,0.000631,0.0,1
420,0.000527,0.0,1
421,0.000635,0.0,1
422,0.00062,0.0,1
423,0.001415,0.0,1
424,0.000466,0.0,1
425,0.000782,0.0,1
426,0.000598,0.0,1
427,0.000856,0.0,1
428,0.000453,0.0,1
429,0.00062,0.0,1
430,0.000392,0.0,1
431,0.001484,0.0,1
432,0.0003,0.0,1
433,0.000643,0.0,1
434,0.000634,0.0,1
435,0.000714,0.0,1
436,0.000451,0.0,1
437,0.000417,0.0,1
438,0.000564,0.0,1
439,0.001507,0.0,1
440,0.000406,0.0,1
441,0.000474,0.0,1
442,0.000581,0.0,1
443,0.000718,0.0,1
444,0.000372,0.0,1
445,0.00053,0.0,1
446,0.000883,0.0,1
447,0.001417,0.0,1
448,0.000314,0.0,1
449,0.000766,0.0,1
450,0.000597,0.0,1
451,0.000565,0.0,1
452,0.000672,0.0,1
453,0.000793,0.0,1
454,0.000661,0.0,1
455,0.000881,0.0,1
456,0.000456,0.0,1
457,0.000713,0.0,1
458,0.00062,0.0,1
459,0.000578,0.0,1
460,0.000492,0.0,1
461,0.000634,0.0,1
462,0.00074,0.0,1
463,0.001491,0.0,1
464,0.000437,0.0,1
465,0.00047,0.0,1
466,0.000649,0.0,1
467,0.000746,0.0,1
468,0.000488,0.0,1
469,0.000528,0.0,1
470,0.000399,0.0,1
471,0.001763,0.0,1
472,0.00049,0.0,1
473,0.000693,0.0,1
474,0.000393,0.0,1
475,0.000678,0.0,1
476,0.0005,0.0,1
477,0.000419,0.0,1
478,0.000401,0.0,1
479,0.001101,0.0,1
480,0.000468,0.0,1
481,0.000656,0.0,1
482,0.000423,0.0,1
483,0.000631,0.0,1
484,0.00049,0.0,1
485,0.000909,0.0,1
486,0.000619,0.0,1
487,0.001778,0.0,1
488,0.000547,0.0,1
489,0.000529,0.0,1
490,0.000865,0.0,1
491,0.000574,0.0,1
492,0.000491,0.0,1
493,0.000636,0.0,1
494,0.000807,0.0,1
495,0.00152,0.0,1
496,0.000416,0.0,1
497,0.000468,0.0,1
498,0.000581,0.0,1
499,0.000724,0.0,1
500,0.000451,0.0,1
501,0.00053,0.0,1
502,0.000886,0.0,1
503,0.000768,0.0,1
504,0.000292,0.0,1
505,0.000767,0.0,1
506,0.000597,0.0,1
507,0.000567,0.0,1
508,0.000498,0.0,1
509,0.00053,0.0,1
510,0.000619,0.0,1
511,0.000772,0.0,1
512,0.000289,0.0,1
513,0.000656,0.0,1
514,0.00058,0.0,1
515,0.000567,0.0,1
516,0.000543,0.0,1
517,0.000793,0.0,1
518,0.000405,0.0,1
519,0.000774,0.0,1
520,0.000436,0.0,1
521,0.00064,0.0,1
522,0.000722,0.0,1
523,0.000631,0.0,1
524,0.000489,0.0,1
525,0.000796,0.0,1
526,0.000824,0.0,1
527,0.000884,0.0,1
528,0.000472,0.0,1
529,0.00058,0.0,1
530,0.000394,0.0,1
531,0.000554,0.0,1
532,0.00045,0.0,1
533,0.000559,0.0,1
534,0.000888,0.0,1
535,0.00103,0.0,1
536,0.000436,0.0,1
537,0.000466,0.0,1
538,0.000723,0.0,1
539,0.000726,0.0,1
540,0.000455,0.0,1
541,0.001062,0.0,1
542,0.000813,0.0,1
543,0.001416,0.0,1
544,0.000435,0.0,1
545,0.000583,0.0,1
546,0.000723,0.0,1
547,0.000632,0.0,1
548,0.000495,0.0,1
549,0.001071,0.0,1
550,0.00089,0.0,1
551,0.001418,0.0,1
552,0.000469,0.0,1
553,0.000875,0.0,1
554,0.000615,0.0,1
555,0.000499,0.0,1
556,0.000347,0.0,1
557,0.000915,0.0,1
558,0.000406,0.0,1
559,0.00149,0.0,1
560,0.000288,0.0,1
561,0.00064,0.0,1
562,0.000646,0.0,1
563,0.000865,0.0,1
564,0.000453,0.0,1
565,0.000622,0.0,1
566,0.00062,0.0,1
567,0.001511,0.0,1
568,0.000286,0.0,1
569,0.000766,0.0,1
570,0.000613,0.0,1
571,0.00056,0.0,1
572,0.000373,0.0,1
573,0.000795,0.0,1
574,0.000964,0.0,1
575,0.001796,0.0,1
576,0.000417,0.0,1
577,0.000709,0.0,1
578,0.00064,0.0,1
579,0.000673,0.0,1
580,0.000466,0.0,1
581,0.000563,0.0,1
582,0.00066,0.0,1
583,0.001108,0.0,1
584,0.000436,0.0,1
585,0.000713,0.0,1
586,0.000611,0.0,1
587,0.000728,0.0,1
588,0.000347,0.0,1
589,0.000565,0.0,1
590,0.00062,0.0,1
591,0.001804,0.0,1
592,0.000316,0.0,1
593,0.000587,0.0,1
594,0.000598,0.0,1
595,0.000748,0.0,1
596,0.000466,0.0,1
597,0.000635,0.0,1
598,0.000955,0.0,1
599,0.001112,0.0,1
600,0.000834,0.0,2
601,0.000557,0.0,2
602,0.000523,0.0,2
603,0.000624,0.0,2
604,0.000756,0.0,2
605,0.000486,0.0,2
606,0.000724,0.0,2
607,0.000853,0.0,2
608,0.000696,0.0,2
609,0.000676,0.0,2
610,0.000435,0.0,2
611,0.000684,0.0,2
612,0.000724,0.0,2
613,0.000492,0.0,2
614,0.000614,0.0,2
615,0.000906,0.0,2
616,0.000573,0.0,2
617,0.000499,0.0,2
618,0.000594,0.0,2
619,0.000687,0.0,2
620,0.000581,0.0,2
621,0.0006,0.0,2
622,0.000994,0.0,2
623,0.000933,0.0,2
624,0.00043,0.0,2
625,0.000718,0.0,2
626,0.000506,0.0,2
627,0.000653,0.0,2
628,0.000645,0.0,2
629,0.000473,0.0,2
630,0.000698,0.0,2
631,0.000448,0.0,2
632,0.001065,0.0,2
633,0.000486,0.0,2
634,0.000702,0.0,2
635,0.000466,0.0,2
636,0.000608,0.0,2
637,0.000491,0.0,2
638,0.000684,0.0,2
639,0.002149,0.0,2
640,0.000444,0.0,2
641,0.00075,0.0,2
642,0.000538,0.0,2
643,0.000917,0.0,2
644,0.000833,0.0,2
645,0.000914,0.0,2
646,0.00063,0.0,2
647,0.000603,0.0,2
648,0.000541,0.0,2
649,0.000827,0.0,2
650,0.000524,0.0,2
651,0.00048,0.0,2
652,0.000686,0.0,2
653,0.000491,0.0,2
654,0.00153,0.0,2
655,0.0009,0.0,2
656,0.000562,0.0,2
657,0.000697,0.0,2
658,0.0006,0.0,2
659,0.000563,0.0,2
660,0.00059,0.0,2
661,0.000438,0.0,2
662,0.000642,0.0,2
663,0.000862,0.0,2
664,0.000518,0.0,2
665,0.000705,0.0,2
666,0.000653,0.0,2
667,0.000898,0.0,2
668,0.000753,0.0,2
669,0.000488,0.0,2
670,0.000713,0.0,2
671,0.001094,0.0,2
672,0.00048,0.0,2
673,0.000572,0.0,2
674,0.000628,0.0,2
675,0.000536,0.0,2
676,0.000756,0.0,2
677,0.000867,0.0,2
678,0.000639,0.0,2
679,0.000691,0.0,2
680,0.0006,0.0,2
681,0.000692,0.0,2
682,0.000498,0.0,2
683,0.000652,0.0,2
684,0.00074,0.0,2
685,0.000481,0.0,2
686,0.000645,0.0,2
687,0.000829,0.0,2
688,0.000673,0.0,2
689,0.00076,0.0,2
690,0.000516,0.0,2
691,0.000558,0.0,2
692,0.000467,0.0,2
693,0.000474,0.0,2
694,0.000649,0.0,2
695,0.000578,0.0,2
696,0.00068,0.0,2
697,0.000575,0.0,2
698,0.000523,0.0,2
699,0.00055,0.0,2
700,0.000615,0.0,2
701,0.000325,0.0,2
702,0.000645,0.0,2
703,0.001142,0.0,2
704,0.000488,0.0,2
705,0.001017,0.0,2
706,0.000608,0.0,2
707,0.001213,0.0,2
708,0.000462,0.0,2
709,0.000606,0.0,2
710,0.000605,0.0,2
711,0.000795,0.0,2
712,0.000404,0.0,2
713,0.000547,0.0,2
714,0.000449,0.0,2
715,0.000524,0.0,2
716,0.000649,0.0,2
717,0.000804,0.0,2
718,0.000628,0.0,2
719,0.000523,0.0,2
720,0.000538,0.0,2
721,0.001032,0.0,2
722,0.000427,0.0,2
723,0.000534,0.0,2
724,0.000639,0.0,2
725,0.000526,0.0,2
726,0.000651,0.0,2
727,0.000995,0.0,2
728,0.000386,0.0,2
729,0.001039,0.0,2
730,0.000502,0.0,2
731,0.000656,0.0,2
732,0.000465,0.0,2
733,0.000601,0.0,2
734,0.00062,0.0,2
735,0.001027,0.0,2
736,0.000644,0.0,2
737,0.000545,0.0,2
738,0.000606,0.0,2
739,0.000639,0.0,2
740,0.000714,0.0,2
741,0.000564,0.0,2
742,0.000478,0.0,2
743,0.001162,0.0,2
744,0.000657,0.0,2
745,0.000696,0.0,2
746,0.000434,0.0,2
747,0.000805,0.0,2
748,0.000771,0.0,2
749,0.000336,0.0,2
750,0.00062,0.0,2
751,0.001376,0.0,2
752,0.000762,0.0,2
753,0.000708,0.0,2
754,0.000437,0.0,2
755,0.000665,0.0,2
756,0.000601,0.0,2
757,0.000354,0.0,2
758,0.000494,0.0,2
759,0.000857,0.0,2
760,0.000455,0.0,2
761,0.000626,0.0,2
762,0.000507,0.0,2
763,0.000481,0.0,2
764,0.000568,0.0,2
765,0.000458,0.0,2
766,0.001608,0.0,2
767,0.000574,0.0,2
768,0.00059,0.0,2
769,0.000566,0.0,2
770,0.00053,0.0,2
771,0.000528,0.0,2
772,0.000571,0.0,2
773,0.000456,0.0,2
774,0.000618,0.0,2
775,0.002458,0.0,2
776,0.000444,0.0,2
777,0.000486,0.0,2
778,0.000434,0.0,2
779,0.000525,0.0,2
780,0.000769,0.0,2
781,0.000531,0.0,2
782,0.000611,0.0,2
783,0.000611,0.0,2
784,0.000555,0.0,2
785,0.000624,0.0,2
786,0.00045,0.0,2
787,0.000623,0.0,2
788,0.000635,0.0,2
789,0.000443,0.0,2
790,0.000667,0.0,2
791,0.00118,0.0,2
792,0.000789,0.0,2
793,0.000712,0.0,2
794,0.0006,0.0,2
795,0.00052,0.0,2
796,0.000602,0.0,2
797,0.000603,0.0,2
798,0.000675,0.0,2
799,0.000599,0.0,2
800,0.000435,0.0,2
801,0.000715,0.0,2
802,0.000614,0.0,2
803,0.000492,0.0,2
804,0.000605,0.0,2
805,0.000758,0.0,2
806,0.000508,0.0,2
807,0.001349,0.0,2
808,0.000802,0.0,2
809,0.000745,0.0,2
810,0.00044,0.0,2
811,0.000621,0.0,2
812,0.000593,0.0,2
813,0.000423,0.0,2
814,0.000514,0.0,2
815,0.001186,0.0,2
816,0.000403,0.0,2
817,0.000755,0.0,2
818,0.000615,0.0,2
819,0.0005,0.0,2
820,0.000702,0.0,2
821,0.000375,0.0,2
822,0.000664,0.0,2
823,0.000896,0.0,2
824,0.000452,0.0,2
825,0.000678,0.0,2
826,0.000473,0.0,2
827,0.00062,0.0,2
828,0.000435,0.0,2
829,0.00055,0.0,2
830,0.000515,0.0,2
831,0.00254,0.0,2
832,0.000678,0.0,2
833,0.000712,0.0,2
834,0.000641,0.0,2
835,0.000597,0.0,2
836,0.000642,0.0,2
837,0.000449,0.0,2
838,0.001649,0.0,2
839,0.000912,0.0,2
840,0.000591,0.0,2
841,0.00104,0.0,2
842,0.000465,0.0,2
843,0.000469,0.0,2
844,0.000443,0.0,2
845,0.000447,0.0,2
846,0.000522,0.0,2
847,0.000772,0.0,2
848,0.000453,0.0,2
849,0.000776,0.0,2
850,0.000535,0.0,2
851,0.000812,0.0,2
852,0.000625,0.0,2
853,0.000381,0.0,2
854,0.000604,0.0,2
855,0.000792,0.0,2
856,0.000652,0.0,2
857,0.000748,0.0,2
858,0.000613,0.0,2
859,0.000571,0.0,2
860,0.000607,0.0,2
861,0.000604,0.0,2
862,0.00062,0.0,2
863,0.001034,0.0,2
864,0.000401,0.0,2
865,0.000711,0.0,2
866,0.000614,0.0,2
867,0.000616,0.0,2
868,0.00047,0.0,2
869,0.000469,0.0,2
870,0.000607,0.0,2
871,0.000612,0.0,2
872,0.000565,0.0,2
873,0.001037,0.0,2
874,0.000593,0.0,2
875,0.000456,0.0,2
876,0.000764,0.0,2
877,0.000541,0.0,2
878,0.001662,0.0,2
879,0.00093,0.0,2
880,0.000677,0.0,2
881,0.000746,0.0,2
882,0.000637,0.0,2
883,0.001262,0.0,2
884,0.000449,0.0,2
885,0.000424,0.0,2
886,0.000627,0.0,2
887,0.000784,0.0,2
888,0.000568,0.0,2
889,0.000558,0.0,2
890,0.000433,0.0,2
891,0.000574,0.0,2
892,0.000605,0.0,2
893,0.000549,0.0,2
894,0.000531,0.0,2
895,0.001042,0.0,2
896,0.000362,0.0,2
897,0.000788,0.0,2
898,0.000589,0.0,2
899,0.000594,0.0,2
900,0.00069,0.0,2
901,0.000548,0.0,2
902,0.000656,0.0,2
903,0.000833,0.0,2
904,0.00043,0.0,2
905,0.001036,0.0,2
906,0.000542,0.0,2
907,0.000595,0.0,2
908,0.000617,0.0,2
909,0.000547,0.0,2
910,0.000653,0.0,2
911,0.000781,0.0,2
912,0.00081,0.0,2
913,0.000502,0.0,2
914,0.000712,0.0,2
915,0.000881,0.0,2
916,0.000683,0.0,2
917,0.000477,0.0,2
918,0.001015,0.0,2
919,0.000838,0.0,2
920,0.000398,0.0,2
921,0.000981,0.0,2
922,0.000542,0.0,2
923,0.0005,0.0,2
924,0.000723,0.0,2
925,0.000753,0.0,2
926,0.000606,0.0,2
927,0.000619,0.0,2
928,0.00036,0.0,2
929,0.000534,0.0,2
930,0.000507,0.0,2
931,0.000513,0.0,2
932,0.000683,0.0,2
933,0.000545,0.0,2
934,0.000664,0.0,2
935,0.000784,0.0,2
936,0.000575,0.0,2
937,0.000509,0.0,2
938,0.000726,0.0,2
939,0.000629,0.0,2
940,0.000611,0.0,2
941,0.000436,0.0,2
942,0.000825,0.0,2
943,0.000747,0.0,2
944,0.000468,0.0,2
945,0.000602,0.0,2
946,0.000555,0.0,2
947,0.000502,0.0,2
948,0.000442,0.0,2
949,0.000444,0.0,2
950,0.000841,0.0,2
951,0.001351,0.0,2
952,0.000591,0.0,2
953,0.000715,0.0,2
954,0.00046,0.0,2
955,0.000506,0.0,2
956,0.000543,0.0,2
957,0.00048,0.0,2
958,0.000599,0.0,2
959,0.000753,0.0,2
960,0.000547,0.0,2
961,0.000512,0.0,2
962,0.000458,0.0,2
963,0.000876,0.0,2
964,0.000634,0.0,2
965,0.000468,0.0,2
966,0.001022,0.0,2
967,0.000957,0.0,2
968,0.001,0.0,2
969,0.000799,0.0,2
970,0.000426,0.0,2
971,0.000448,0.0,2
972,0.000724,0.0,2
973,0.000392,0.0,2
974,0.000538,0.0,2
975,0.000775,0.0,2
976,0.000401,0.0,2
977,0.000715,0.0,2
978,0.000457,0.0,2
979,0.000572,0.0,2
980,0.000682,0.0,2
981,0.000481,0.0,2
982,0.000522,0.0,2
983,0.000843,0.0,2
984,0.000571,0.0,2
985,0.000512,0.0,2
986,0.000572,0.0,2
987,0.001277,0.0,2
988,0.000577,0.0,2
989,0.000558,0.0,2
990,0.000629,0.0,2
991,0.000621,0.0,2
992,0.000683,0.0,2
993,0.000713,0.0,2
994,0.000582,0.0,2
995,0.00051,0.0,2
996,0.000654,0.0,2
997,0.000402,0.0,2
998,0.000628,0.0,2
999,0.000754,0.0,2
1000,0.00057,0.0,2
1001,0.000972,0.0,2
1002,0.000508,0.0,2
1003,0.000517,0.0,2
1004,0.000615,0.0,2
1005,0.000438,0.0,2
1006,0.000849,0.0,2
1007,0.000971,0.0,2
1008,0.000406,0.0,2
1009,0.000715,0.0,2
1010,0.000435,0.0,2
1011,0.000624,0.0,2
1012,0.000436,0.0,2
1013,0.000452,0.0,2
1014,0.000619,0.0,2
1015,0.00121,0.0,2
1016,0.000472,0.0,2
1017,0.00053,0.0,2
1018,0.000614,0.0,2
1019,0.000507,0.0,2
1020,0.000644,0.0,2
1021,0.00042,0.0,2
1022,0.000627,0.0,2
1023,0.000974,0.0,2
1024,0.000684,0.0,2
1025,0.000663,0.0,2
1026,0.000726,0.0,2
1027,0.00062,0.0,2
1028,0.000681,0.0,2
1029,0.000435,0.0,2
1030,0.000633,0.0,2
1031,0.000628,0.0,2
1032,0.000553,0.0,2
1033,0.000516,0.0,2
1034,0.000606,0.0,2
1035,0.000814,0.0,2
1036,0.000617,0.0,2
1037,0.000471,0.0,2
1038,0.000597,0.0,2
1039,0.000971,0.0,2
1040,0.00082,0.0,2
1041,0.000628,0.0,2
1042,0.000555,0.0,2
1043,0.000508,0.0,2
1044,0.000431,0.0,2
1045,0.000601,0.0,2
1046,0.001675,0.0,2
1047,0.000976,0.0,2
1048,0.000469,0.0,2
1049,0.000807,0.0,2
1050,0.000555,0.0,2
1051,0.000504,0.0,2
1052,0.000673,0.0,2
1053,0.000419,0.0,2
1054,0.000651,0.0,2
1055,0.000635,0.0,2
1056,0.000589,0.0,2
1057,0.000517,0.0,2
1058,0.000452,0.0,2
1059,0.000449,0.0,2
1060,0.000584,0.0,2
1061,0.000448,0.0,2
1062,0.000624,0.0,2
1063,0.000622,0.0,2
1064,0.000419,0.0,2
1065,0.000623,0.0,2
1066,0.000556,0.0,2
1067,0.000875,0.0,2
1068,0.000752,0.0,2
1069,0.000419,0.0,2
1070,0.000624,0.0,2
1071,0.000755,0.0,2
1072,0.000359,0.0,2
1073,0.000711,0.0,2
1074,0.000578,0.0,2
1075,0.000673,0.0,2
1076,0.000482,0.0,2
1077,0.000446,0.0,2
1078,0.000533,0.0,2
1079,0.00077,0.0,2
1080,0.000468,0.0,2
1081,0.000625,0.0,2
1082,0.000584,0.0,2
1083,0.000685,0.0,2
1084,0.000618,0.0,2
1085,0.000432,0.0,2
1086,0.000594,0.0,2
1087,0.000768,0.0,2
1088,0.000563,0.0,2
1089,0.000644,0.0,2
1090,0.000513,0.0,2
1091,0.001294,0.0,2
1092,0.000613,0.0,2
1093,0.000601,0.0,2
1094,0.000636,0.0,2
1095,0.00098,0.0,2
1096,0.000417,0.0,2
1097,0.000716,0.0,2
1098,0.000577,0.0,2
1099,0.000576,0.0,2
1100,0.000753,0.0,2
1101,0.000843,0.0,2
1102,0.000625,0.0,2
1103,0.001353,0.0,2
1104,0.000962,0.0,2
1105,0.000622,0.0,2
1106,0.000592,0.0,2
1107,0.000615,0.0,2
1108,0.000587,0.0,2
1109,0.000436,0.0,2
1110,0.000597,0.0,2
1111,0.000982,0.0,2
1112,0.000568,0.0,2
1113,0.000712,0.0,2
1114,0.000642,0.0,2
1115,0.000617,0.0,2
1116,0.000611,0.0,2
1117,0.000753,0.0,2
1118,0.000592,0.0,2
1119,0.000758,0.0,2
1120,0.000576,0.0,2
1121,0.000718,0.0,2
1122,0.000512,0.0,2
1123,0.000612,0.0,2
1124,0.000619,0.0,2
1125,0.000434,0.0,2
1126,0.000861,0.0,2
1127,0.000854,0.0,2
1128,0.000573,0.0,2
1129,0.00081,0.0,2
1130,0.000639,0.0,2
1131,0.00058,0.0,2
1132,0.000588,0.0,2
1133,0.000841,0.0,2
1134,0.000625,0.0,2
1135,0.000623,0.0,2
1136,0.000574,0.0,2
1137,0.000765,0.0,2
1138,0.000728,0.0,2
1139,0.000824,0.0,2
1140,0.000428,0.0,2
1141,0.000488,0.0,2
1142,0.000592,0.0,2
1143,0.000639,0.0,2
1144,0.000468,0.0,2
1145,0.00076,0.0,2
1146,0.000559,0.0,2
1147,0.000832,0.0,2
1148,0.00043,0.0,2
1149,0.000448,0.0,2
1150,0.000654,0.0,2
1151,0.000642,0.0,2
1152,0.000466,0.0,2
1153,0.000519,0.0,2
1154,0.000559,0.0,2
1155,0.000501,0.0,2
1156,0.000431,0.0,2
1157,0.000472,0.0,2
1158,0.000594,0.0,2
1159,0.000986,0.0,2
1160,0.000414,0.0,2
1161,0.000551,0.0,2
1162,0.000576,0.0,2
1163,0.000838,0.0,2
1164,0.000486,0.0,2
1165,0.000447,0.0,2
1166,0.001675,0.0,2
1167,0.000986,0.0,2
1168,0.000358,0.0,2
1169,0.000525,0.0,2
1170,0.000449,0.0,2
1171,0.000509,0.0,2
1172,0.00075,0.0,2
1173,0.00056,0.0,2
1174,0.000537,0.0,2
1175,0.000987,0.0,2
1176,0.000464,0.0,2
1177,0.00052,0.0,2
1178,0.000512,0.0,2
1179,0.000503,0.0,2
1180,0.000432,0.0,2
1181,0.000416,0.0,2
1182,0.000636,0.0,2
1183,0.001053,0.0,2
1184,0.000463,0.0,2
1185,0.00065,0.0,2
1186,0.000613,0.0,2
1187,0.000614,0.0,2
1188,0.000661,0.0,2
1189,0.00049,0.0,2
1190,0.00059,0.0,2
1191,0.000769,0.0,2
1192,0.000661,0.0,2
1193,0.000975,0.0,2
1194,0.000451,0.0,2
1195,0.000697,0.0,2
1196,0.000724,0.0,2
1197,0.000472,0.0,2
1198,0.000543,0.0,2
1199,0.000767,0.0,2
1200,0.000608,0.0,4
1201,0.000876,0.0,4
1202,0.000867,0.0,4
1203,0.000943,0.0,4
1204,0.000544,0.0,4
1205,0.0007,0.0,4
1206,0.000557,0.0,4
1207,0.000437,0.0,4
1208,0.000757,0.0,4
1209,0.000855,0.0,4
1210,0.000436,0.0,4
1211,0.000452,0.0,4
1212,0.000681,0.0,4
1213,0.000967,0.0,4
1214,0.000687,0.0,4
1215,0.001428,0.0,4
1216,0.000589,0.0,4
1217,0.000708,0.0,4
1218,0.000619,0.0,4
1219,0.000503,0.0,4
1220,0.000314,0.0,4
1221,0.000541,0.0,4
1222,0.000683,0.0,4
1223,0.00049,0.0,4
1224,0.000482,0.0,4
1225,0.000404,0.0,4
1226,0.000691,0.0,4
1227,0.000819,0.0,4
1228,0.000706,0.0,4
1229,0.000327,0.0,4
1230,0.000446,0.0,4
1231,0.000642,0.0,4
1232,0.00038,0.0,4
1233,0.00057,0.0,4
1234,0.000777,0.0,4
1235,0.000742,0.0,4
1236,0.000732,0.0,4
1237,0.000605,0.0,4
1238,0.000736,0.0,4
1239,0.00072,0.0,4
1240,0.000768,0.0,4
1241,0.000508,0.0,4
1242,0.000495,0.0,4
1243,0.000604,0.0,4
1244,0.00037,0.0,4
1245,0.000583,0.0,4
1246,0.000682,0.0,4
1247,0.000447,0.0,4
1248,0.000896,0.0,4
1249,0.0005,0.0,4
1250,0.000622,0.0,4
1251,0.000711,0.0,4
1252,0.000563,0.0,4
1253,0.000616,0.0,4
1254,0.000572,0.0,4
1255,0.000504,0.0,4
1256,0.000444,0.0,4
1257,0.000583,0.0,4
1258,0.000386,0.0,4
1259,0.000725,0.0,4
1260,0.000815,0.0,4
1261,0.000397,0.0,4
1262,0.000871,0.0,4
1263,0.00055,0.0,4
1264,0.001371,0.0,4
1265,0.000432,0.0,4
1266,0.00045,0.0,4
1267,0.000695,0.0,4
1268,0.000573,0.0,4
1269,0.000533,0.0,4
1270,0.000845,0.0,4
1271,0.000487,0.0,4
1272,0.000469,0.0,4
1273,0.000439,0.0,4
1274,0.000597,0.0,4
1275,0.000542,0.0,4
1276,0.000721,0.0,4
1277,0.000783,0.0,4
1278,0.000648,0.0,4
1279,0.000533,0.0,4
1280,0.000907,0.0,4
1281,0.000807,0.0,4
1282,0.000435,0.0,4
1283,0.000888,0.0,4
1284,0.000707,0.0,4
1285,0.001039,0.0,4
1286,0.000579,0.0,4
1287,0.000469,0.0,4
1288,0.00042,0.0,4
1289,0.000391,0.0,4
1290,0.000428,0.0,4
1291,0.001065,0.0,4
1292,0.000491,0.0,4
1293,0.000511,0.0,4
1294,0.00071,0.0,4
1295,0.00041,0.0,4
1296,0.000835,0.0,4
1297,0.000826,0.0,4
1298,0.00045,0.0,4
1299,0.000778,0.0,4
1300,0.000702,0.0,4
1301,0.000498,0.0,4
1302,0.000658,0.0,4
1303,0.000457,0.0,4
1304,0.000411,0.0,4
1305,0.000417,0.0,4
1306,0.000752,0.0,4
1307,0.000894,0.0,4
1308,0.000409,0.0,4
1309,0.000605,0.0,4
1310,0.000571,0.0,4
1311,0.000725,0.0,4
1312,0.000741,0.0,4
1313,0.000863,0.0,4
1314,0.000659,0.0,4
1315,0.001047,0.0,4
1316,0.000425,0.0,4
1317,0.00105,0.0,4
1318,0.000621,0.0,4
1319,0.000449,0.0,4
1320,0.000471,0.0,4
1321,0.000791,0.0,4
1322,0.000426,0.0,4
1323,0.00054,0.0,4
1324,0.000436,0.0,4
1325,0.000614,0.0,4
1326,0.000746,0.0,4
1327,0.000468,0.0,4
1328,0.000915,0.0,4
1329,0.000786,0.0,4
1330,0.000453,0.0,4
1331,0.000538,0.0,4
1332,0.000776,0.0,4
1333,0.00062,0.0,4
1334,0.000631,0.0,4
1335,0.000441,0.0,4
1336,0.000919,0.0,4
1337,0.000782,0.0,4
1338,0.000738,0.0,4
1339,0.000679,0.0,4
1340,0.000644,0.0,4
1341,0.00083,0.0,4
1342,0.000756,0.0,4
1343,0.000719,0.0,4
1344,0.000414,0.0,4
1345,0.000541,0.0,4
1346,0.000453,0.0,4
1347,0.000776,0.0,4
1348,0.000448,0.0,4
1349,0.000492,0.0,4
1350,0.000586,0.0,4
1351,0.00075,0.0,4
1352,0.000471,0.0,4
1353,0.000445,0.0,4
1354,0.0004,0.0,4
1355,0.000786,0.0,4
1356,0.000498,0.0,4
1357,0.000616,0.0,4
1358,0.000733,0.0,4
1359,0.00073,0.0,4
1360,0.00081,0.0,4
1361,0.000875,0.0,4
1362,0.000422,0.0,4
1363,0.000792,0.0,4
1364,0.000514,0.0,4
1365,0.000592,0.0,4
1366,0.000465,0.0,4
1367,0.000462,0.0,4
1368,0.000751,0.0,4
1369,0.000562,0.0,4
1370,0.000421,0.0,4
1371,0.000774,0.0,4
1372,0.000526,0.0,4
1373,0.000453,0.0,4
1374,0.000872,0.0,4
1375,0.000558,0.0,4
1376,0.000636,0.0,4
1377,0.000886,0.0,4
1378,0.000719,0.0,4
1379,0.000765,0.0,4
1380,0.000497,0.0,4
1381,0.000834,0.0,4
1382,0.000428,0.0,4
1383,0.000565,0.0,4
1384,0.000929,0.0,4
1385,0.000781,0.0,4
1386,0.000419,0.0,4
1387,0.000683,0.0,4
1388,0.000657,0.0,4
1389,0.000592,0.0,4
1390,0.000578,0.0,4
1391,0.000417,0.0,4
1392,0.000803,0.0,4
1393,0.000425,0.0,4
1394,0.00042,0.0,4
1395,0.000539,0.0,4
1396,0.000661,0.0,4
1397,0.000488,0.0,4
1398,0.000436,0.0,4
1399,0.000515,0.0,4
1400,0.000609,0.0,4
1401,0.000951,0.0,4
1402,0.000472,0.0,4
1403,0.00075,0.0,4
1404,0.000537,0.0,4
1405,0.000548,0.0,4
1406,0.000403,0.0,4
1407,0.000473,0.0,4
1408,0.000484,0.0,4
1409,0.000524,0.0,4
1410,0.000572,0.0,4
1411,0.00054,0.0,4
1412,0.000516,0.0,4
1413,0.000471,0.0,4
1414,0.00039,0.0,4
1415,0.000742,0.0,4
1416,0.000604,0.0,4
1417,0.000908,0.0,4
1418,0.000765,0.0,4
1419,0.001089,0.0,4
1420,0.00082,0.0,4
1421,0.000521,0.0,4
1422,0.00067,0.0,4
1423,0.000791,0.0,4
1424,0.000934,0.0,4
1425,0.000603,0.0,4
1426,0.000713,0.0,4
1427,0.000672,0.0,4
1428,0.000706,0.0,4
1429,0.000482,0.0,4
1430,0.000756,0.0,4
1431,0.000739,0.0,4
1432,0.001306,0.0,4
1433,0.000414,0.0,4
1434,0.000778,0.0,4
1435,0.000681,0.0,4
1436,0.000599,0.0,4
1437,0.000515,0.0,4
1438,0.000898,0.0,4
1439,0.000514,0.0,4
1440,0.000829,0.0,4
1441,0.000459,0.0,4
1442,0.00065,0.0,4
1443,0.000799,0.0,4
1444,0.000604,0.0,4
1445,0.000553,0.0,4
1446,0.00063,0.0,4
1447,0.000804,0.0,4
1448,0.001264,0.0,4
1449,0.000414,0.0,4
1450,0.000422,0.0,4
1451,0.000712,0.0,4
1452,0.000829,0.0,4
1453,0.000846,0.0,4
1454,0.000621,0.0,4
1455,0.000794,0.0,4
1456,0.000517,0.0,4
1457,0.000413,0.0,4
1458,0.000783,0.0,4
1459,0.000765,0.0,4
1460,0.000541,0.0,4
1461,0.000514,0.0,4
1462,0.000752,0.0,4
1463,0.000521,0.0,4
1464,0.000437,0.0,4
1465,0.000431,0.0,4
1466,0.000475,0.0,4
1467,0.000699,0.0,4
1468,0.000463,0.0,4
1469,0.000864,0.0,4
1470,0.000667,0.0,4
1471,0.00058,0.0,4
1472,0.000531,0.0,4
1473,0.000779,0.0,4
1474,0.000424,0.0,4
1475,0.000663,0.0,4
1476,0.000548,0.0,4
1477,0.000854,0.0,4
1478,0.000617,0.0,4
1479,0.000525,0.0,4
1480,0.000431,0.0,4
1481,0.000412,0.0,4
1482,0.000426,0.0,4
1483,0.000772,0.0,4
1484,0.000638,0.0,4
1485,0.000484,0.0,4
1486,0.000434,0.0,4
1487,0.000791,0.0,4
1488,0.000795,0.0,4
1489,0.000523,0.0,4
1490,0.000421,0.0,4
1491,0.00054,0.0,4
1492,0.000668,0.0,4
1493,0.000522,0.0,4
1494,0.000721,0.0,4
1495,0.00075,0.0,4
1496,0.000942,0.0,4
1497,0.000777,0.0,4
1498,0.000646,0.0,4
1499,0.000541,0.0,4
1500,0.000469,0.0,4
1501,0.000614,0.0,4
1502,0.00062,0.0,4
1503,0.000489,0.0,4
1504,0.000536,0.0,4
1505,0.000659,0.0,4
1506,0.00061,0.0,4
1507,0.000729,0.0,4
1508,0.000645,0.0,4
1509,0.000482,0.0,4
1510,0.000619,0.0,4
1511,0.00055,0.0,4
1512,0.000541,0.0,4
1513,0.000659,0.0,4
1514,0.000543,0.0,4
1515,0.00078,0.0,4
1516,0.000711,0.0,4
1517,0.000536,0.0,4
1518,0.000377,0.0,4
1519,0.000754,0.0,4
1520,0.000486,0.0,4
1521,0.000471,0.0,4
1522,0.000601,0.0,4
1523,0.001032,0.0,4
1524,0.000509,0.0,4
1525,0.000868,0.0,4
1526,0.000912,0.0,4
1527,0.000396,0.0,4
1528,0.000484,0.0,4
1529,0.000526,0.0,4
1530,0.000476,0.0,4
1531,0.000574,0.0,4
1532,0.000671,0.0,4
1533,0.00051,0.0,4
1534,0.000632,0.0,4
1535,0.000757,0.0,4
1536,0.000942,0.0,4
1537,0.00041,0.0,4
1538,0.000646,0.0,4
1539,0.000542,0.0,4
1540,0.000481,0.0,4
1541,0.000557,0.0,4
1542,0.000574,0.0,4
1543,0.00039,0.0,4
1544,0.000482,0.0,4
1545,0.000811,0.0,4
1546,0.000709,0.0,4
1547,0.000585,0.0,4
1548,0.000497,0.0,4
1549,0.001072,0.0,4
1550,0.000915,0.0,4
1551,0.00053,0.0,4
1552,0.0006,0.0,4
1553,0.000442,0.0,4
1554,0.000787,0.0,4
1555,0.000711,0.0,4
1556,0.00063,0.0,4
1557,0.001077,0.0,4
1558,0.000639,0.0,4
1559,0.000761,0.0,4
1560,0.000481,0.0,4
1561,0.000444,0.0,4
1562,0.000773,0.0,4
1563,0.000784,0.0,4
1564,0.000504,0.0,4
1565,0.001082,0.0,4
1566,0.000722,0.0,4
1567,0.000568,0.0,4
1568,0.000759,0.0,4
1569,0.000673,0.0,4
1570,0.000599,0.0,4
1571,0.000719,0.0,4
1572,0.00051,0.0,4
1573,0.000509,0.0,4
1574,0.000757,0.0,4
1575,0.000639,0.0,4
1576,0.00086,0.0,4
1577,0.000629,0.0,4
1578,0.000444,0.0,4
1579,0.000777,0.0,4
1580,0.000474,0.0,4
1581,0.00089,0.0,4
1582,0.000721,0.0,4
1583,0.000764,0.0,4
1584,0.001239,0.0,4
1585,0.000603,0.0,4
1586,0.000782,0.0,4
1587,0.001097,0.0,4
1588,0.000514,0.0,4
1589,0.000885,0.0,4
1590,0.000636,0.0,4
1591,0.000532,0.0,4
1592,0.000764,0.0,4
1593,0.000825,0.0,4
1594,0.000787,0.0,4
1595,0.000787,0.0,4
1596,0.000477,0.0,4
1597,0.000483,0.0,4
1598,0.000614,0.0,4
1599,0.000567,0.0,4
1600,0.000483,0.0,4
1601,0.000982,0.0,4
1602,0.000429,0.0,4
1603,0.000813,0.0,4
1604,0.000615,0.0,4
1605,0.00051,0.0,4
1606,0.000791,0.0,4
1607,0.00083,0.0,4
1608,0.000599,0.0,4
1609,0.000829,0.0,4
1610,0.000415,0.0,4
1611,0.000931,0.0,4
1612,0.000555,0.0,4
1613,0.000518,0.0,4
1614,0.000715,0.0,4
1615,0.000385,0.0,4
1616,0.000767,0.0,4
1617,0.000774,0.0,4
1618,0.000789,0.0,4
1619,0.000624,0.0,4
1620,0.000558,0.0,4
1621,0.000522,0.0,4
1622,0.000438,0.0,4
1623,0.000383,0.0,4
1624,0.000548,0.0,4
1625,0.000615,0.0,4
1626,0.000434,0.0,4
1627,0.000541,0.0,4
1628,0.000671,0.0,4
1629,0.00087,0.0,4
1630,0.000635,0.0,4
1631,0.000621,0.0,4
1632,0.000868,0.0,4
1633,0.000526,0.0,4
1634,0.000703,0.0,4
1635,0.000791,0.0,4
1636,0.000619,0.0,4
1637,0.000543,0.0,4
1638,0.000566,0.0,4
1639,0.000678,0.0,4
1640,0.000453,0.0,4
1641,0.000407,0.0,4
1642,0.000792,0.0,4
1643,0.000541,0.0,4
1644,0.000484,0.0,4
1645,0.000868,0.0,4
1646,0.000729,0.0,4
1647,0.000658,0.0,4
1648,0.000456,0.0,4
1649,0.000983,0.0,4
1650,0.000471,0.0,4
1651,0.000818,0.0,4
1652,0.000507,0.0,4
1653,0.000568,0.0,4
1654,0.000771,0.0,4
1655,0.00051,0.0,4
1656,0.000601,0.0,4
1657,0.000836,0.0,4
1658,0.000412,0.0,4
1659,0.001111,0.0,4
1660,0.000522,0.0,4
1661,0.000614,0.0,4
1662,0.000807,0.0,4
1663,0.000585,0.0,4
1664,0.000549,0.0,4
1665,0.000526,0.0,4
1666,0.000472,0.0,4
1667,0.000922,0.0,4
1668,0.000732,0.0,4
1669,0.000505,0.0,4
1670,0.000611,0.0,4
1671,0.000774,0.0,4
1672,0.000872,0.0,4
1673,0.000491,0.0,4
1674,0.000531,0.0,4
1675,0.000659,0.0,4
1676,0.000508,0.0,4
1677,0.000482,0.0,4
1678,0.000634,0.0,4
1679,0.000379,0.0,4
1680,0.000459,0.0,4
1681,0.000441,0.0,4
1682,0.00061,0.0,4
1683,0.000599,0.0,4
1684,0.000672,0.0,4
1685,0.000502,0.0,4
1686,0.000438,0.0,4
1687,0.000773,0.0,4
1688,0.000552,0.0,4
1689,0.000899,0.0,4
1690,0.000531,0.0,4
1691,0.000541,0.0,4
1692,0.000673,0.0,4
1693,0.000621,0.0,4
1694,0.000774,0.0,4
1695,0.000849,0.0,4
1696,0.000601,0.0,4
1697,0.000443,0.0,4
1698,0.00041,0.0,4
1699,0.000723,0.0,4
1700,0.00062,0.0,4
1701,0.000571,0.0,4
1702,0.000438,0.0,4
1703,0.000707,0.0,4
1704,0.0006,0.0,4
1705,0.000525,0.0,4
1706,0.000531,0.0,4
1707,0.000796,0.0,4
1708,0.000573,0.0,4
1709,0.000906,0.0,4
1710,0.000636,0.0,4
1711,0.000589,0.0,4
1712,0.00046,0.0,4
1713,0.000406,0.0,4
1714,0.0007,0.0,4
1715,0.000653,0.0,4
1716,0.000581,0.0,4
1717,0.000554,0.0,4
1718,0.00092,0.0,4
1719,0.000855,0.0,4
1720,0.000948,0.0,4
1721,0.000522,0.0,4
1722,0.000436,0.0,4
1723,0.000727,0.0,4
1724,0.000676,0.0,4
1725,0.000624,0.0,4
1726,0.000372,0.0,4
1727,0.00059,0.0,4
1728,0.000461,0.0,4
1729,0.000773,0.0,4
1730,0.000799,0.0,4
1731,0.001044,0.0,4
1732,0.000628,0.0,4
1733,0.000548,0.0,4
1734,0.000681,0.0,4
1735,0.000724,0.0,4
1736,0.000772,0.0,4
1737,0.000771,0.0,4
1738,0.000603,0.0,4
1739,0.00112,0.0,4
1740,0.000622,0.0,4
1741,0.000579,0.0,4
1742,0.000439,0.0,4
1743,0.000683,0.0,4
1744,0.0006,0.0,4
1745,0.000521,0.0,4
1746,0.000667,0.0,4
1747,0.00061,0.0,4
1748,0.000617,0.0,4
1749,0.000558,0.0,4
1750,0.000632,0.0,4
1751,0.000532,0.0,4
1752,0.000555,0.0,4
1753,0.000404,0.0,4
1754,0.000668,0.0,4
1755,0.00054,0.0,4
1756,0.000508,0.0,4
1757,0.001093,0.0,4
1758,0.000365,0.0,4
1759,0.000794,0.0,4
1760,0.00096,0.0,4
1761,0.00052,0.0,4
1762,0.000444,0.0,4
1763,0.00073,0.0,4
1764,0.00056,0.0,4
1765,0.000483,0.0,4
1766,0.000629,0.0,4
1767,0.000534,0.0,4
1768,0.000787,0.0,4
1769,0.000405,0.0,4
1770,0.000439,0.0,4
1771,0.00054,0.0,4
1772,0.000736,0.0,4
1773,0.000909,0.0,4
1774,0.00063,0.0,4
1775,0.000859,0.0,4
1776,0.000462,0.0,4
1777,0.000445,0.0,4
1778,0.00047,0.0,4
1779,0.000746,0.0,4
1780,0.000491,0.0,4
1781,0.000573,0.0,4
1782,0.000439,0.0,4
1783,0.000526,0.0,4
1784,0.000948,0.0,4
1785,0.000686,0.0,4
1786,0.000695,0.0,4
1787,0.00061,0.0,4
1788,0.000562,0.0,4
1789,0.000871,0.0,4
1790,0.000723,0.0,4
1791,0.000533,0.0,4
1792,0.00043,0.0,4
1793,0.000405,0.0,4
1794,0.00044,0.0,4
1795,0.000766,0.0,4
1796,0.00064,0.0,4
1797,0.000552,0.0,4
1798,0.000359,0.0,4
1799,0.000593,0.0,4
1800,0.001233,0.0,8
1801,0.000733,0.0,8
1802,0.000583,0.0,8
1803,0.001078,0.0,8
1804,0.000638,0.0,8
1805,0.000822,0.0,8
1806,0.000613,0.0,8
1807,0.000827,0.0,8
1808,0.000558,0.0,8
1809,0.001206,0.0,8
1810,0.000543,0.0,8
1811,0.000716,0.0,8
1812,0.000516,0.0,8
1813,0.000705,0.0,8
1814,0.000578,0.0,8
1815,0.00087,0.0,8
1816,0.000671,0.0,8
1817,0.000771,0.0,8
1818,0.000857,0.0,8
1819,0.000882,0.0,8
1820,0.000663,0.0,8
1821,0.000616,0.0,8
1822,0.000577,0.0,8
1823,0.000456,0.0,8
1824,0.000573,0.0,8
1825,0.001352,0.0,8
1826,0.000478,0.0,8
1827,0.000661,0.0,8
1828,0.000724,0.0,8
1829,0.000677,0.0,8
1830,0.000575,0.0,8
1831,0.000935,0.0,8
1832,0.000787,0.0,8
1833,0.000715,0.0,8
1834,0.000632,0.0,8
1835,0.001352,0.0,8
1836,0.000708,0.0,8
1837,0.000849,0.0,8
1838,0.000743,0.0,8
1839,0.000749,0.0,8
1840,0.000837,0.0,8
1841,0.000431,0.0,8
1842,0.000694,0.0,8
1843,0.000928,0.0,8
1844,0.000719,0.0,8
1845,0.000804,0.0,8
1846,0.000629,0.0,8
1847,0.000642,0.0,8
1848,0.000461,0.0,8
1849,0.000898,0.0,8
1850,0.000457,0.0,8
1851,0.001375,0.0,8
1852,0.000516,0.0,8
1853,0.000576,0.0,8
1854,0.000853,0.0,8
1855,0.001137,0.0,8
1856,0.000758,0.0,8
1857,0.000757,0.0,8
1858,0.000673,0.0,8
1859,0.00066,0.0,8
1860,0.00091,0.0,8
1861,0.00069,0.0,8
1862,0.000579,0.0,8
1863,0.000714,0.0,8
1864,0.000533,0.0,8
1865,0.000527,0.0,8
1866,0.000839,0.0,8
1867,0.000678,0.0,8
1868,0.000468,0.0,8
1869,0.000839,0.0,8
1870,0.000525,0.0,8
1871,0.000753,0.0,8
1872,0.000734,0.0,8
1873,0.000704,0.0,8
1874,0.000745,0.0,8
1875,0.000773,0.0,8
1876,0.000615,0.0,8
1877,0.000921,0.0,8
1878,0.000557,0.0,8
1879,0.000726,0.0,8
1880,0.000672,0.0,8
1881,0.000749,0.0,8
1882,0.000403,0.0,8
1883,0.000688,0.0,8
1884,0.000734,0.0,8
1885,0.000547,0.0,8
1886,0.000853,0.0,8
1887,0.000941,0.0,8
1888,0.000551,0.0,8
1889,0.000443,0.0,8
1890,0.000504,0.0,8
1891,0.000691,0.0,8
1892,0.000626,0.0,8
1893,0.000915,0.0,8
1894,0.000594,0.0,8
1895,0.000803,0.0,8
1896,0.000607,0.0,8
1897,0.000677,0.0,8
1898,0.000781,0.0,8
1899,0.000823,0.0,8
1900,0.000742,0.0,8
1901,0.000539,0.0,8
1902,0.000576,0.0,8
1903,0.00078,0.0,8
1904,0.000718,0.0,8
1905,0.000695,0.0,8
1906,0.000485,0.0,8
1907,0.001382,0.0,8
1908,0.000491,0.0,8
1909,0.000539,0.0,8
1910,0.000873,0.0,8
1911,0.001197,0.0,8
1912,0.000441,0.0,8
1913,0.000487,0.0,8
1914,0.000897,0.0,8
1915,0.000801,0.0,8
1916,0.000619,0.0,8
1917,0.000711,0.0,8
1918,0.00068,0.0,8
1919,0.000782,0.0,8
1920,0.000523,0.0,8
1921,0.000429,0.0,8
1922,0.000483,0.0,8
1923,0.000834,0.0,8
1924,0.000636,0.0,8
1925,0.000802,0.0,8
1926,0.000641,0.0,8
1927,0.000466,0.0,8
1928,0.000769,0.0,8
1929,0.000704,0.0,8
1930,0.000857,0.0,8
1931,0.001114,0.0,8
1932,0.000577,0.0,8
1933,0.000545,0.0,8
1934,0.000644,0.0,8
1935,0.000665,0.0,8
1936,0.001041,0.0,8
1937,0.000704,0.0,8
1938,0.000559,0.0,8
1939,0.000852,0.0,8
1940,0.000742,0.0,8
1941,0.000685,0.0,8
1942,0.000577,0.0,8
1943,0.000653,0.0,8
1944,0.000676,0.0,8
1945,0.000658,0.0,8
1946,0.000651,0.0,8
1947,0.000868,0.0,8
1948,0.000496,0.0,8
1949,0.00064,0.0,8
1950,0.000886,0.0,8
1951,0.000774,0.0,8
1952,0.000789,0.0,8
1953,0.001184,0.0,8
1954,0.000448,0.0,8
1955,0.001378,0.0,8
1956,0.000615,0.0,8
1957,0.000814,0.0,8
1958,0.000582,0.0,8
1959,0.000621,0.0,8
1960,0.000838,0.0,8
1961,0.000416,0.0,8
1962,0.000651,0.0,8
1963,0.001049,0.0,8
1964,0.000782,0.0,8
1965,0.000747,0.0,8
1966,0.000588,0.0,8
1967,0.000721,0.0,8
1968,0.000554,0.0,8
1969,0.001178,0.0,8
1970,0.000733,0.0,8
1971,0.001375,0.0,8
1972,0.000681,0.0,8
1973,0.000803,0.0,8
1974,0.000583,0.0,8
1975,0.000495,0.0,8
1976,0.000562,0.0,8
1977,0.000642,0.0,8
1978,0.000453,0.0,8
1979,0.000691,0.0,8
1980,0.000639,0.0,8
1981,0.000521,0.0,8
1982,0.000551,0.0,8
1983,0.000393,0.0,8
1984,0.000558,0.0,8
1985,0.000427,0.0,8
1986,0.000738,0.0,8
1987,0.001041,0.0,8
1988,0.000474,0.0,8
1989,0.000776,0.0,8
1990,0.000661,0.0,8
1991,0.000628,0.0,8
1992,0.000826,0.0,8
1993,0.000705,0.0,8
1994,0.00072,0.0,8
1995,0.00061,0.0,8
1996,0.000755,0.0,8
1997,0.00063,0.0,8
1998,0.000875,0.0,8
1999,0.000721,0.0,8
2000,0.000695,0.0,8
2001,0.000844,0.0,8
2002,0.00066,0.0,8
2003,0.000805,0.0,8
2004,0.00063,0.0,8
2005,0.000904,0.0,8
2006,0.000602,0.0,8
2007,0.000609,0.0,8
2008,0.000578,0.0,8
2009,0.000738,0.0,8
2010,0.000856,0.0,8
2011,0.000771,0.0,8
2012,0.000628,0.0,8
2013,0.00077,0.0,8
2014,0.000586,0.0,8
2015,0.000796,0.0,8
2016,0.000827,0.0,8
2017,0.000438,0.0,8
2018,0.000608,0.0,8
2019,0.000951,0.0,8
2020,0.000498,0.0,8
2021,0.000752,0.0,8
2022,0.000718,0.0,8
2023,0.000749,0.0,8
2024,0.000562,0.0,8
2025,0.000447,0.0,8
2026,0.000864,0.0,8
2027,0.000667,0.0,8
2028,0.000641,0.0,8
2029,0.000759,0.0,8
2030,0.000593,0.0,8
2031,0.00081,0.0,8
2032,0.000797,0.0,8
2033,0.000416,0.0,8
2034,0.00045,0.0,8
2035,0.000786,0.0,8
2036,0.000755,0.0,8
2037,0.000721,0.0,8
2038,0.000704,0.0,8
2039,0.000387,0.0,8
2040,0.000691,0.0,8
2041,0.000701,0.0,8
2042,0.000465,0.0,8
2043,0.000624,0.0,8
2044,0.000502,0.0,8
2045,0.000776,0.0,8
2046,0.000875,0.0,8
2047,0.000494,0.0,8
2048,0.000559,0.0,8
2049,0.000457,0.0,8
2050,0.000454,0.0,8
2051,0.000878,0.0,8
2052,0.000752,0.0,8
2053,0.000926,0.0,8
2054,0.00064,0.0,8
2055,0.000658,0.0,8
2056,0.000678,0.0,8
2057,0.000501,0.0,8
2058,0.000465,0.0,8
2059,0.000622,0.0,8
2060,0.000507,0.0,8
2061,0.000591,0.0,8
2062,0.000596,0.0,8
2063,0.000668,0.0,8
2064,0.000579,0.0,8
2065,0.000886,0.0,8
2066,0.000462,0.0,8
2067,0.000694,0.0,8
2068,0.000656,0.0,8
2069,0.000575,0.0,8
2070,0.000609,0.0,8
2071,0.000688,0.0,8
2072,0.000456,0.0,8
2073,0.000693,0.0,8
2074,0.000664,0.0,8
2075,0.000618,0.0,8
2076,0.000663,0.0,8
2077,0.000561,0.0,8
2078,0.00055,0.0,8
2079,0.000604,0.0,8
2080,0.000451,0.0,8
2081,0.000458,0.0,8
2082,0.000669,0.0,8
2083,0.000826,0.0,8
2084,0.000759,0.0,8
2085,0.00095,0.0,8
2086,0.000648,0.0,8
2087,0.000678,0.0,8
2088,0.000542,0.0,8
2089,0.000508,0.0,8
2090,0.000476,0.0,8
2091,0.000618,0.0,8
2092,0.000757,0.0,8
2093,0.00052,0.0,8
2094,0.000879,0.0,8
2095,0.001211,0.0,8
2096,0.000684,0.0,8
2097,0.000633,0.0,8
2098,0.000873,0.0,8
2099,0.000696,0.0,8
2100,0.000433,0.0,8
2101,0.000963,0.0,8
2102,0.0007,0.0,8
2103,0.000688,0.0,8
2104,0.000592,0.0,8
2105,0.000464,0.0,8
2106,0.000605,0.0,8
2107,0.000696,0.0,8
2108,0.000669,0.0,8
2109,0.000816,0.0,8
2110,0.000894,0.0,8
2111,0.000605,0.0,8
2112,0.000598,0.0,8
2113,0.000903,0.0,8
2114,0.000692,0.0,8
2115,0.001039,0.0,8
2116,0.000761,0.0,8
2117,0.000564,0.0,8
2118,0.000645,0.0,8
2119,0.000685,0.0,8
2120,0.000554,0.0,8
2121,0.000511,0.0,8
2122,0.000877,0.0,8
2123,0.000869,0.0,8
2124,0.000644,0.0,8
2125,0.001193,0.0,8
2126,0.000694,0.0,8
2127,0.000397,0.0,8
2128,0.000693,0.0,8
2129,0.00042,0.0,8
2130,0.000705,0.0,8
2131,0.000695,0.0,8
2132,0.000512,0.0,8
2133,0.00057,0.0,8
2134,0.000647,0.0,8
2135,0.000672,0.0,8
2136,0.000565,0.0,8
2137,0.000925,0.0,8
2138,0.000715,0.0,8
2139,0.001367,0.0,8
2140,0.000761,0.0,8
2141,0.000573,0.0,8
2142,0.000648,0.0,8
2143,0.000683,0.0,8
2144,0.000559,0.0,8
2145,0.000634,0.0,8
2146,0.000487,0.0,8
2147,0.000982,0.0,8
2148,0.000589,0.0,8
2149,0.000774,0.0,8
2150,0.00055,0.0,8
2151,0.000761,0.0,8
2152,0.000692,0.0,8
2153,0.00042,0.0,8
2154,0.000679,0.0,8
2155,0.000698,0.0,8
2156,0.000768,0.0,8
2157,0.000776,0.0,8
2158,0.000554,0.0,8
2159,0.000401,0.0,8
2160,0.000829,0.0,8
2161,0.000474,0.0,8
2162,0.000464,0.0,8
2163,0.000701,0.0,8
2164,0.000771,0.0,8
2165,0.000821,0.0,8
2166,0.000603,0.0,8
2167,0.000517,0.0,8
2168,0.000562,0.0,8
2169,0.000853,0.0,8
2170,0.000698,0.0,8
2171,0.000909,0.0,8
2172,0.000759,0.0,8
2173,0.000575,0.0,8
2174,0.000667,0.0,8
2175,0.000691,0.0,8
2176,0.000566,0.0,8
2177,0.000938,0.0,8
2178,0.000462,0.0,8
2179,0.000916,0.0,8
2180,0.000427,0.0,8
2181,0.00063,0.0,8
2182,0.000679,0.0,8
2183,0.000525,0.0,8
2184,0.0006,0.0,8
2185,0.000631,0.0,8
2186,0.000681,0.0,8
2187,0.00092,0.0,8
2188,0.000427,0.0,8
2189,0.000529,0.0,8
2190,0.000615,0.0,8
2191,0.000686,0.0,8
2192,0.001035,0.0,8
2193,0.000478,0.0,8
2194,0.00092,0.0,8
2195,0.000766,0.0,8
2196,0.000482,0.0,8
2197,0.00082,0.0,8
2198,0.00065,0.0,8
2199,0.000843,0.0,8
2200,0.000768,0.0,8
2201,0.000943,0.0,8
2202,0.000727,0.0,8
2203,0.000699,0.0,8
2204,0.000516,0.0,8
2205,0.000565,0.0,8
2206,0.000607,0.0,8
2207,0.000405,0.0,8
2208,0.000568,0.0,8
2209,0.000418,0.0,8
2210,0.00061,0.0,8
2211,0.0007,0.0,8
2212,0.000483,0.0,8
2213,0.000789,0.0,8
2214,0.000801,0.0,8
2215,0.000603,0.0,8
2216,0.000605,0.0,8
2217,0.000688,0.0,8
2218,0.000684,0.0,8
2219,0.000882,0.0,8
2220,0.000686,0.0,8
2221,0.000986,0.0,8
2222,0.000886,0.0,8
2223,0.001232,0.0,8
2224,0.000691,0.0,8
2225,0.000701,0.0,8
2226,0.000522,0.0,8
2227,0.000619,0.0,8
2228,0.000599,0.0,8
2229,0.001178,0.0,8
2230,0.00065,0.0,8
2231,0.000681,0.0,8
2232,0.000569,0.0,8
2233,0.000888,0.0,8
2234,0.000541,0.0,8
2235,0.000998,0.0,8
2236,0.00043,0.0,8
2237,0.000561,0.0,8
2238,0.000685,0.0,8
2239,0.000695,0.0,8
2240,0.000591,0.0,8
2241,0.000738,0.0,8
2242,0.000877,0.0,8
2243,0.000701,0.0,8
2244,0.00043,0.0,8
2245,0.000582,0.0,8
2246,0.000653,0.0,8
2247,0.000693,0.0,8
2248,0.000564,0.0,8
2249,0.000862,0.0,8
2250,0.000556,0.0,8
2251,0.00137,0.0,8
2252,0.000601,0.0,8
2253,0.000789,0.0,8
2254,0.000687,0.0,8
2255,0.000405,0.0,8
2256,0.000455,0.0,8
2257,0.000737,0.0,8
2258,0.000726,0.0,8
2259,0.000801,0.0,8
2260,0.000746,0.0,8
2261,0.000759,0.0,8
2262,0.000594,0.0,8
2263,0.000721,0.0,8
2264,0.000583,0.0,8
2265,0.00063,0.0,8
2266,0.000552,0.0,8
2267,0.001051,0.0,8
2268,0.000761,0.0,8
2269,0.000765,0.0,8
2270,0.000809,0.0,8
2271,0.000722,0.0,8
2272,0.000568,0.0,8
2273,0.001169,0.0,8
2274,0.000749,0.0,8
2275,0.000895,0.0,8
2276,0.000576,0.0,8
2277,0.000559,0.0,8
2278,0.000554,0.0,8
2279,0.000769,0.0,8
2280,0.00058,0.0,8
2281,0.000906,0.0,8
2282,0.000928,0.0,8
2283,0.000622,0.0,8
2284,0.000761,0.0,8
2285,0.000558,0.0,8
2286,0.000715,0.0,8
2287,0.000953,0.0,8
2288,0.000608,0.0,8
2289,0.000735,0.0,8
2290,0.0005,0.0,8
2291,0.001013,0.0,8
2292,0.00067,0.0,8
2293,0.00078,0.0,8
2294,0.000606,0.0,8
2295,0.000954,0.0,8
2296,0.000575,0.0,8
2297,0.000692,0.0,8
2298,0.00093,0.0,8
2299,0.001059,0.0,8
2300,0.000603,0.0,8
2301,0.000788,0.0,8
2302,0.000694,0.0,8
2303,0.000952,0.0,8
2304,0.000692,0.0,8
2305,0.000715,0.0,8
2306,0.000612,0.0,8
2307,0.000709,0.0,8
2308,0.000518,0.0,8
2309,0.000799,0.0,8
2310,0.000563,0.0,8
2311,0.000702,0.0,8
2312,0.000566,0.0,8
2313,0.00063,0.0,8
2314,0.000755,0.0,8
2315,0.000624,0.0,8
2316,0.000736,0.0,8
2317,0.000585,0.0,8
2318,0.000696,0.0,8
2319,0.00055,0.0,8
2320,0.000817,0.0,8
2321,0.000691,0.0,8
2322,0.000504,0.0,8
2323,0.000713,0.0,8
2324,0.000674,0.0,8
2325,0.000633,0.0,8
2326,0.000593,0.0,8
2327,0.000869,0.0,8
2328,0.000566,0.0,8
2329,0.000515,0.0,8
2330,0.000555,0.0,8
2331,0.001371,0.0,8
2332,0.000786,0.0,8
2333,0.00101,0.0,8
2334,0.000593,0.0,8
2335,0.000745,0.0,8
2336,0.000571,0.0,8
2337,0.000482,0.0,8
2338,0.000562,0.0,8
2339,0.000819,0.0,8
2340,0.000479,0.0,8
2341,0.000529,0.0,8
2342,0.000625,0.0,8
2343,0.000556,0.0,8
2344,0.000453,0.0,8
2345,0.00063,0.0,8
2346,0.000694,0.0,8
2347,0.000759,0.0,8
2348,0.000431,0.0,8
2349,0.000535,0.0,8
2350,0.000562,0.0,8
2351,0.000741,0.0,8
2352,0.00057,0.0,8
2353,0.000724,0.0,8
2354,0.000688,0.0,8
2355,0.000847,0.0,8
2356,0.000706,0.0,8
2357,0.000554,0.0,8
2358,0.000688,0.0,8
2359,0.000558,0.0,8
2360,0.000452,0.0,8
2361,0.000727,0.0,8
2362,0.000462,0.0,8
2363,0.000712,0.0,8
2364,0.000519,0.0,8
2365,0.000588,0.0,8
2366,0.000691,0.0,8
2367,0.000405,0.0,8
2368,0.000571,0.0,8
2369,0.001287,0.0,8
2370,0.000466,0.0,8
2371,0.001058,0.0,8
2372,0.000566,0.0,8
2373,0.000588,0.0,8
2374,0.000694,0.0,8
2375,0.000734,0.0,8
2376,0.001059,0.0,8
2377,0.000867,0.0,8
2378,0.000726,0.0,8
2379,0.000856,0.0,8
2380,0.000647,0.0,8
2381,0.000636,0.0,8
2382,0.000563,0.0,8
2383,0.00056,0.0,8
2384,0.00045,0.0,8
2385,0.000422,0.0,8
2386,0.000571,0.0,8
2387,0.000923,0.0,8
2388,0.000607,0.0,8
2389,0.000634,0.0,8
2390,0.000802,0.0,8
2391,0.000408,0.0,8
2392,0.000755,0.0,8
2393,0.000628,0.0,8
2394,0.000457,0.0,8
2395,0.000627,0.0,8
2396,0.000482,0.0,8
2397,0.00059,0.0,8
2398,0.000564,0.0,8
2399,0.000711,0.0,8
2400,0.000947,0.0,16
2401,0.00056,0.0,16
2402,0.000534,0.0,16
2403,0.000656,0.0,16
2404,0.000548,0.0,16
2405,0.000507,0.0,16
2406,0.000765,0.0,16
2407,0.000623,0.0,16
2408,0.000556,0.0,16
2409,0.000601,0.0,16
2410,0.00059,0.0,16
2411,0.000752,0.0,16
2412,0.00056,0.0,16
2413,0.000815,0.0,16
2414,0.000609,0.0,16
2415,0.000694,0.0,16
2416,0.000694,0.0,16
2417,0.000501,0.0,16
2418,0.000452,0.0,16
2419,0.000643,0.0,16
2420,0.000708,0.0,16
2421,0.000687,0.0,16
2422,0.000768,0.0,16
2423,0.000794,0.0,16
2424,0.001114,0.0,16
2425,0.000572,0.0,16
2426,0.000555,0.0,16
2427,0.000966,0.0,16
2428,0.000605,0.0,16
2429,0.000871,0.0,16
2430,0.000749,0.0,16
2431,0.000654,0.0,16
2432,0.00088,0.0,16
2433,0.000444,0.0,16
2434,0.000435,0.0,16
2435,0.000716,0.0,16
2436,0.000609,0.0,16
2437,0.000849,0.0,16
2438,0.000687,0.0,16
2439,0.000651,0.0,16
2440,0.000803,0.0,16
2441,0.000451,0.0,16
2442,0.000777,0.0,16
2443,0.000896,0.0,16
2444,0.000787,0.0,16
2445,0.000557,0.0,16
2446,0.000792,0.0,16
2447,0.000568,0.0,16
2448,0.000915,0.0,16
2449,0.000826,0.0,16
2450,0.000544,0.0,16
2451,0.000814,0.0,16
2452,0.000813,0.0,16
2453,0.000806,0.0,16
2454,0.000715,0.0,16
2455,0.000511,0.0,16
2456,0.000573,0.0,16
2457,0.000495,0.0,16
2458,0.000722,0.0,16
2459,0.001079,0.0,16
2460,0.000539,0.0,16
2461,0.000685,0.0,16
2462,0.000592,0.0,16
2463,0.001032,0.0,16
2464,0.000673,0.0,16
2465,0.000585,0.0,16
2466,0.000592,0.0,16
2467,0.000334,0.0,16
2468,0.000596,0.0,16
2469,0.00076,0.0,16
2470,0.000696,0.0,16
2471,0.000634,0.0,16
2472,0.000817,0.0,16
2473,0.000717,0.0,16
2474,0.000611,0.0,16
2475,0.000777,0.0,16
2476,0.000288,0.0,16
2477,0.000749,0.0,16
2478,0.00079,0.0,16
2479,0.000619,0.0,16
2480,0.000589,0.0,16
2481,0.000574,0.0,16
2482,0.000429,0.0,16
2483,0.000749,0.0,16
2484,0.000798,0.0,16
2485,0.00058,0.0,16
2486,0.00068,0.0,16
2487,0.001018,0.0,16
2488,0.000607,0.0,16
2489,0.00055,0.0,16
2490,0.000428,0.0,16
2491,0.000665,0.0,16
2492,0.000806,0.0,16
2493,0.000667,0.0,16
2494,0.000789,0.0,16
2495,0.000539,0.0,16
2496,0.000894,0.0,16
2497,0.000452,0.0,16
2498,0.000581,0.0,16
2499,0.000883,0.0,16
2500,0.000806,0.0,16
2501,0.000874,0.0,16
2502,0.000528,0.0,16
2503,0.00059,0.0,16
2504,0.000629,0.0,16
2505,0.000495,0.0,16
2506,0.000411,0.0,16
2507,0.000667,0.0,16
2508,0.00058,0.0,16
2509,0.000792,0.0,16
2510,0.000573,0.0,16
2511,0.000723,0.0,16
2512,0.0005,0.0,16
2513,0.00071,0.0,16
2514,0.000408,0.0,16
2515,0.000766,0.0,16
2516,0.000602,0.0,16
2517,0.000574,0.0,16
2518,0.000583,0.0,16
2519,0.000608,0.0,16
2520,0.000558,0.0,16
2521,0.00063,0.0,16
2522,0.000935,0.0,16
2523,0.000668,0.0,16
2524,0.000484,0.0,16
2525,0.000586,0.0,16
2526,0.000592,0.0,16
2527,0.000576,0.0,16
2528,0.000879,0.0,16
2529,0.000608,0.0,16
2530,0.000427,0.0,16
2531,0.00035,0.0,16
2532,0.000575,0.0,16
2533,0.000659,0.0,16
2534,0.000549,0.0,16
2535,0.000655,0.0,16
2536,0.000751,0.0,16
2537,0.000464,0.0,16
2538,0.000494,0.0,16
2539,0.000447,0.0,16
2540,0.000644,0.0,16
2541,0.000846,0.0,16
2542,0.000589,0.0,16
2543,0.000694,0.0,16
2544,0.000693,0.0,16
2545,0.000502,0.0,16
2546,0.000845,0.0,16
2547,0.000657,0.0,16
2548,0.000813,0.0,16
2549,0.000834,0.0,16
2550,0.000598,0.0,16
2551,0.001002,0.0,16
2552,0.000831,0.0,16
2553,0.000613,0.0,16
2554,0.000409,0.0,16
2555,0.000384,0.0,16
2556,0.000489,0.0,16
2557,0.000597,0.0,16
2558,0.000563,0.0,16
2559,0.000679,0.0,16
2560,0.000883,0.0,16
2561,0.000594,0.0,16
2562,0.000523,0.0,16
2563,0.000447,0.0,16
2564,0.000625,0.0,16
2565,0.000427,0.0,16
2566,0.000602,0.0,16
2567,0.000785,0.0,16
2568,0.000678,0.0,16
2569,0.000553,0.0,16
2570,0.00063,0.0,16
2571,0.000457,0.0,16
2572,0.000574,0.0,16
2573,0.000602,0.0,16
2574,0.000723,0.0,16
2575,0.000722,0.0,16
2576,0.000679,0.0,16
2577,0.000743,0.0,16
2578,0.00041,0.0,16
2579,0.000399,0.0,16
2580,0.000533,0.0,16
2581,0.000767,0.0,16
2582,0.000627,0.0,16
2583,0.000785,0.0,16
2584,0.000494,0.0,16
2585,0.000459,0.0,16
2586,0.000451,0.0,16
2587,0.000462,0.0,16
2588,0.000289,0.0,16
2589,0.000443,0.0,16
2590,0.000709,0.0,16
2591,0.000572,0.0,16
2592,0.000495,0.0,16
2593,0.00066,0.0,16
2594,0.000523,0.0,16
2595,0.000691,0.0,16
2596,0.000574,0.0,16
2597,0.00078,0.0,16
2598,0.000723,0.0,16
2599,0.00082,0.0,16
2600,0.000621,0.0,16
2601,0.000637,0.0,16
2602,0.000637,0.0,16
2603,0.000534,0.0,16
2604,0.000286,0.0,16
2605,0.000839,0.0,16
2606,0.000519,0.0,16
2607,0.000544,0.0,16
2608,0.000681,0.0,16
2609,0.000646,0.0,16
2610,0.000644,0.0,16
2611,0.000654,0.0,16
2612,0.000577,0.0,16
2613,0.000606,0.0,16
2614,0.000726,0.0,16
2615,0.000735,0.0,16
2616,0.000614,0.0,16
2617,0.000653,0.0,16
2618,0.00041,0.0,16
2619,0.000531,0.0,16
2620,0.000594,0.0,16
2621,0.000748,0.0,16
2622,0.000787,0.0,16
2623,0.00054,0.0,16
2624,0.000618,0.0,16
2625,0.000698,0.0,16
2626,0.000519,0.0,16
2627,0.000535,0.0,16
2628,0.000813,0.0,16
2629,0.000812,0.0,16
2630,0.000553,0.0,16
2631,0.000653,0.0,16
2632,0.000842,0.0,16
2633,0.000709,0.0,16
2634,0.000511,0.0,16
2635,0.00054,0.0,16
2636,0.000468,0.0,16
2637,0.000543,0.0,16
2638,0.000731,0.0,16
2639,0.000679,0.0,16
2640,0.00062,0.0,16
2641,0.000712,0.0,16
2642,0.000529,0.0,16
2643,0.000469,0.0,16
2644,0.000538,0.0,16
2645,0.000719,0.0,16
2646,0.000633,0.0,16
2647,0.00069,0.0,16
2648,0.000572,0.0,16
2649,0.000719,0.0,16
2650,0.000411,0.0,16
2651,0.000649,0.0,16
2652,0.000581,0.0,16
2653,0.000809,0.0,16
2654,0.000572,0.0,16
2655,0.000559,0.0,16
2656,0.000511,0.0,16
2657,0.000718,0.0,16
2658,0.000536,0.0,16
2659,0.000655,0.0,16
2660,0.000813,0.0,16
2661,0.000666,0.0,16
2662,0.000568,0.0,16
2663,0.000752,0.0,16
2664,0.000886,0.0,16
2665,0.000672,0.0,16
2666,0.000577,0.0,16
2667,0.000658,0.0,16
2668,0.000808,0.0,16
2669,0.000745,0.0,16
2670,0.00058,0.0,16
2671,0.000764,0.0,16
2672,0.000611,0.0,16
2673,0.000509,0.0,16
2674,0.00091,0.0,16
2675,0.000746,0.0,16
2676,0.000464,0.0,16
2677,0.000447,0.0,16
2678,0.000778,0.0,16
2679,0.000754,0.0,16
2680,0.000676,0.0,16
2681,0.000716,0.0,16
2682,0.000539,0.0,16
2683,0.00047,0.0,16
2684,0.000486,0.0,16
2685,0.000753,0.0,16
2686,0.000713,0.0,16
2687,0.000701,0.0,16
2688,0.000675,0.0,16
2689,0.000527,0.0,16
2690,0.000713,0.0,16
2691,0.000471,0.0,16
2692,0.000288,0.0,16
2693,0.000805,0.0,16
2694,0.000792,0.0,16
2695,0.000628,0.0,16
2696,0.000606,0.0,16
2697,0.000719,0.0,16
2698,0.000976,0.0,16
2699,0.000543,0.0,16
2700,0.00029,0.0,16
2701,0.000791,0.0,16
2702,0.000585,0.0,16
2703,0.000833,0.0,16
2704,0.000607,0.0,16
2705,0.000739,0.0,16
2706,0.000515,0.0,16
2707,0.000757,0.0,16
2708,0.000292,0.0,16
2709,0.000449,0.0,16
2710,0.000737,0.0,16
2711,0.001042,0.0,16
2712,0.000607,0.0,16
2713,0.000673,0.0,16
2714,0.000621,0.0,16
2715,0.000423,0.0,16
2716,0.000294,0.0,16
2717,0.000826,0.0,16
2718,0.00059,0.0,16
2719,0.000572,0.0,16
2720,0.000628,0.0,16
2721,0.000607,0.0,16
2722,0.000544,0.0,16
2723,0.00066,0.0,16
2724,0.000606,0.0,16
2725,0.000661,0.0,16
2726,0.000752,0.0,16
2727,0.000543,0.0,16
2728,0.000746,0.0,16
2729,0.000561,0.0,16
2730,0.000414,0.0,16
2731,0.000809,0.0,16
2732,0.000495,0.0,16
2733,0.000705,0.0,16
2734,0.000594,0.0,16
2735,0.000669,0.0,16
2736,0.000898,0.0,16
2737,0.000598,0.0,16
2738,0.000434,0.0,16
2739,0.000836,0.0,16
2740,0.000685,0.0,16
2741,0.000522,0.0,16
2742,0.000722,0.0,16
2743,0.000587,0.0,16
2744,0.000494,0.0,16
2745,0.000474,0.0,16
2746,0.000798,0.0,16
2747,0.000428,0.0,16
2748,0.000686,0.0,16
2749,0.000657,0.0,16
2750,0.000615,0.0,16
2751,0.000584,0.0,16
2752,0.000494,0.0,16
2753,0.00052,0.0,16
2754,0.000548,0.0,16
2755,0.000548,0.0,16
2756,0.000815,0.0,16
2757,0.000749,0.0,16
2758,0.000596,0.0,16
2759,0.000573,0.0,16
2760,0.000674,0.0,16
2761,0.000533,0.0,16
2762,0.000639,0.0,16
2763,0.000473,0.0,16
2764,0.000819,0.0,16
2765,0.000702,0.0,16
2766,0.000568,0.0,16
2767,0.000765,0.0,16
2768,0.000478,0.0,16
2769,0.000598,0.0,16
2770,0.000897,0.0,16
2771,0.000764,0.0,16
2772,0.000815,0.0,16
2773,0.000749,0.0,16
2774,0.00059,0.0,16
2775,0.000584,0.0,16
2776,0.000902,0.0,16
2777,0.000535,0.0,16
2778,0.001,0.0,16
2779,0.000998,0.0,16
2780,0.000462,0.0,16
2781,0.000862,0.0,16
2782,0.000785,0.0,16
2783,0.000581,0.0,16
2784,0.000573,0.0,16
2785,0.000721,0.0,16
2786,0.001006,0.0,16
2787,0.000436,0.0,16
2788,0.000685,0.0,16
2789,0.000519,0.0,16
2790,0.000599,0.0,16
2791,0.000592,0.0,16
2792,0.000744,0.0,16
2793,0.000738,0.0,16
2794,0.000721,0.0,16
2795,0.000627,0.0,16
2796,0.000587,0.0,16
2797,0.000455,0.0,16
2798,0.000638,0.0,16
2799,0.000717,0.0,16
2800,0.000632,0.0,16
2801,0.000607,0.0,16
2802,0.000644,0.0,16
2803,0.00055,0.0,16
2804,0.000585,0.0,16
2805,0.00075,0.0,16
2806,0.000791,0.0,16
2807,0.00067,0.0,16
2808,0.000849,0.0,16
2809,0.000539,0.0,16
2810,0.000588,0.0,16
2811,0.000791,0.0,16
2812,0.000587,0.0,16
2813,0.000857,0.0,16
2814,0.000635,0.0,16
2815,0.000719,0.0,16
2816,0.000574,0.0,16
2817,0.00054,0.0,16
2818,0.000793,0.0,16
2819,0.000441,0.0,16
2820,0.000585,0.0,16
2821,0.000519,0.0,16
2822,0.000565,0.0,16
2823,0.00067,0.0,16
2824,0.000489,0.0,16
2825,0.000723,0.0,16
2826,0.000901,0.0,16
2827,0.000771,0.0,16
2828,0.000692,0.0,16
2829,0.000621,0.0,16
2830,0.000752,0.0,16
2831,0.000536,0.0,16
2832,0.000526,0.0,16
2833,0.000566,0.0,16
2834,0.000591,0.0,16
2835,0.000887,0.0,16
2836,0.000301,0.0,16
2837,0.000749,0.0,16
2838,0.000702,0.0,16
2839,0.000656,0.0,16
2840,0.000609,0.0,16
2841,0.000566,0.0,16
2842,0.000516,0.0,16
2843,0.000446,0.0,16
2844,0.000683,0.0,16
2845,0.000651,0.0,16
2846,0.000738,0.0,16
2847,0.000595,0.0,16
2848,0.000752,0.0,16
2849,0.000479,0.0,16
2850,0.000441,0.0,16
2851,0.000714,0.0,16
2852,0.000511,0.0,16
2853,0.000703,0.0,16
2854,0.000751,0.0,16
2855,0.001056,0.0,16
2856,0.000492,0.0,16
2857,0.000481,0.0,16
2858,0.000593,0.0,16
2859,0.000716,0.0,16
2860,0.000671,0.0,16
2861,0.000648,0.0,16
2862,0.000785,0.0,16
2863,0.000779,0.0,16
2864,0.000759,0.0,16
2865,0.000591,0.0,16
2866,0.000437,0.0,16
2867,0.000838,0.0,16
2868,0.000685,0.0,16
2869,0.000458,0.0,16
2870,0.000633,0.0,16
2871,0.000723,0.0,16
2872,0.000496,0.0,16
2873,0.000669,0.0,16
2874,0.000443,0.0,16
2875,0.000448,0.0,16
2876,0.000585,0.0,16
2877,0.000624,0.0,16
2878,0.000742,0.0,16
2879,0.000596,0.0,16
2880,0.000634,0.0,16
2881,0.000591,0.0,16
2882,0.000655,0.0,16
2883,0.000668,0.0,16
2884,0.000679,0.0,16
2885,0.00076,0.0,16
2886,0.000743,0.0,16
2887,0.000669,0.0,16
2888,0.000746,0.0,16
2889,0.000592,0.0,16
2890,0.000516,0.0,16
2891,0.000806,0.0,16
2892,0.000547,0.0,16
2893,0.000625,0.0,16
2894,0.000744,0.0,16
2895,0.000535,0.0,16
2896,0.000634,0.0,16
2897,0.000593,0.0,16
2898,0.000435,0.0,16
2899,0.000669,0.0,16
2900,0.000587,0.0,16
2901,0.000458,0.0,16
2902,0.000618,0.0,16
2903,0.000986,0.0,16
2904,0.000531,0.0,16
2905,0.000747,0.0,16
2906,0.000659,0.0,16
2907,0.000451,0.0,16
2908,0.000304,0.0,16
2909,0.000702,0.0,16
2910,0.000714,0.0,16
2911,0.000535,0.0,16
2912,0.000573,0.0,16
2913,0.000675,0.0,16
2914,0.000656,0.0,16
2915,0.000777,0.0,16
2916,0.000818,0.0,16
2917,0.000848,0.0,16
2918,0.000749,0.0,16
2919,0.000852,0.0,16
2920,0.000678,0.0,16
2921,0.000674,0.0,16
2922,0.000907,0.0,16
2923,0.000452,0.0,16
2924,0.000824,0.0,16
2925,0.00051,0.0,16
2926,0.000562,0.0,16
2927,0.000788,0.0,16
2928,0.000851,0.0,16
2929,0.000726,0.0,16
2930,0.000661,0.0,16
2931,0.000453,0.0,16
2932,0.000686,0.0,16
2933,0.000751,0.0,16
2934,0.00077,0.0,16
2935,0.000535,0.0,16
2936,0.000608,0.0,16
2937,0.000488,0.0,16
2938,0.000663,0.0,16
2939,0.000626,0.0,16
2940,0.00061,0.0,16
2941,0.000755,0.0,16
2942,0.000808,0.0,16
2943,0.00106,0.0,16
2944,0.000496,0.0,16
2945,0.000566,0.0,16
2946,0.000435,0.0,16
2947,0.000626,0.0,16
2948,0.000685,0.0,16
2949,0.000628,0.0,16
2950,0.00062,0.0,16
2951,0.000589,0.0,16
2952,0.000493,0.0,16
2953,0.000673,0.0,16
2954,0.001024,0.0,16
2955,0.000831,0.0,16
2956,0.000585,0.0,16
2957,0.000459,0.0,16
2958,0.000715,0.0,16
2959,0.000724,0.0,16
2960,0.000496,0.0,16
2961,0.000679,0.0,16
2962,0.000559,0.0,16
2963,0.000476,0.0,16
2964,0.000696,0.0,16
2965,0.000801,0.0,16
2966,0.000772,0.0,16
2967,0.000669,0.0,16
2968,0.000852,0.0,16
2969,0.000735,0.0,16
2970,0.000448,0.0,16
2971,0.000455,0.0,16
2972,0.000549,0.0,16
2973,0.000817,0.0,16
2974,0.000716,0.0,16
2975,0.000602,0.0,16
2976,0.000763,0.0,16
2977,0.000674,0.0,16
2978,0.000521,0.0,16
2979,0.000898,0.0,16
2980,0.000692,0.0,16
2981,0.000843,0.0,16
2982,0.000611,0.0,16
2983,0.000791,0.0,16
2984,0.000636,0.0,16
2985,0.000679,0.0,16
2986,0.000435,0.0,16
2987,0.001007,0.0,16
2988,0.000692,0.0,16
2989,0.000756,0.0,16
2990,0.000764,0.0,16
2991,0.000779,0.0,16
2992,0.000749,0.0,16
2993,0.000736,0.0,16
2994,0.000662,0.0,16
2995,0.000715,0.0,16
2996,0.000692,0.0,16
2997,0.000629,0.0,16
2998,0.000605,0.0,16
2999,0.000668,0.0,16
