class_id,class_name,raw_f1_mean,raw_f1_std,raw_f1_mean,raw_f1_std,improvement
0,Class 0,0.12353181818181813,0.08511687419499891,0.12353181818181813,0.08511687419499891,0.0
1,Class 1,0.1152181818181818,0.07739227004813506,0.1152181818181818,0.07739227004813506,0.0
2,Class 2,0.08615454545454547,0.08406371012099906,0.08615454545454547,0.08406371012099906,0.0
3,Class 3,0.012231818181818182,0.01936674583289211,0.012231818181818182,0.01936674583289211,0.0
4,Class 4,0.0014727272727272727,0.0037996468279717817,0.0014727272727272727,0.0037996468279717817,0.0
5,Class 5,0.036568181818181826,0.03565242777232156,0.036568181818181826,0.03565242777232156,0.0
6,Class 6,0.03765,0.048512803906362104,0.03765,0.048512803906362104,0.0
7,Class 7,0.014477272727272726,0.02899114695439974,0.014477272727272726,0.02899114695439974,0.0
8,Class 8,0.06473181818181817,0.051967282622852856,0.06473181818181817,0.051967282622852856,0.0
9,Class 9,0.018918181818181817,0.015780416928635264,0.018918181818181817,0.015780416928635264,0.0
10,Class 10,0.05822727272727273,0.055743786173614876,0.05822727272727273,0.055743786173614876,0.0
11,Class 11,0.058281818181818185,0.07320728324658907,0.058281818181818185,0.07320728324658907,0.0
12,Class 12,0.05396818181818182,0.054330026656875446,0.05396818181818182,0.054330026656875446,0.0
13,Class 13,0.0866909090909091,0.06877804819431789,0.0866909090909091,0.06877804819431789,0.0
14,Class 14,0.016454545454545454,0.037924395054631264,0.016454545454545454,0.037924395054631264,0.0
15,Class 15,0.08144545454545454,0.06930959342154404,0.08144545454545454,0.06930959342154404,0.0
16,Class 16,0.016654545454545453,0.02796766376460888,0.016654545454545453,0.02796766376460888,0.0
17,Class 17,0.0007318181818181818,0.0024050317023227553,0.0007318181818181818,0.0024050317023227553,0.0
18,Class 18,0.006345454545454546,0.014520879130959344,0.006345454545454546,0.014520879130959344,0.0
19,Class 19,0.0029181818181818185,0.007438486556489987,0.0029181818181818185,0.007438486556489987,0.0
20,Class 20,0.012127272727272726,0.01661654888867412,0.012127272727272726,0.01661654888867412,0.0
21,Class 21,0.012950000000000001,0.016191965967873142,0.012950000000000001,0.016191965967873142,0.0
22,Class 22,0.059609090909090924,0.08806126605997995,0.059609090909090924,0.08806126605997995,0.0
23,Class 23,0.0802,0.04381488114241335,0.0802,0.04381488114241335,0.0
24,Class 24,0.04540454545454545,0.041386281109436054,0.04540454545454545,0.041386281109436054,0.0
25,Class 25,0.035195454545454544,0.03299505702190538,0.035195454545454544,0.03299505702190538,0.0
26,Class 26,0.01831818181818182,0.014662411818876194,0.01831818181818182,0.014662411818876194,0.0
27,Class 27,0.014713636363636363,0.014810012554399534,0.014713636363636363,0.014810012554399534,0.0
28,Class 28,0.009440909090909094,0.01334065248246909,0.009440909090909094,0.01334065248246909,0.0
29,Class 29,0.008845454545454545,0.009414665726191807,0.008845454545454545,0.009414665726191807,0.0
30,Class 30,0.08367727272727271,0.06165335453599525,0.08367727272727271,0.06165335453599525,0.0
31,Class 31,0.17765,0.07745421228054675,0.17765,0.07745421228054675,0.0
32,Class 32,0.03011818181818182,0.03369224350985361,0.03011818181818182,0.03369224350985361,0.0
33,Class 33,0.12709999999999996,0.06939046867443066,0.12709999999999996,0.06939046867443066,0.0
34,Class 34,0.1263409090909091,0.08681875296156277,0.1263409090909091,0.08681875296156277,0.0
35,Class 35,0.11788181818181821,0.08746491887969733,0.11788181818181821,0.08746491887969733,0.0
36,Class 36,0.05292272727272728,0.06671901943308635,0.05292272727272728,0.06671901943308635,0.0
37,Class 37,0.017345454545454546,0.028832516816504693,0.017345454545454546,0.028832516816504693,0.0
38,Class 38,0.07419999999999999,0.051467474703748115,0.07419999999999999,0.051467474703748115,0.0
39,Class 39,0.16129545454545455,0.09244777407128814,0.16129545454545455,0.09244777407128814,0.0
