parameter,value,accuracy_pct,sd_across_subjects_pct,balanced_acc_pct,macro_f1_pct,n_folds
CORAL lambda,0.1,24.29,7.14,23.87,21.33,22
CORAL lambda,0.01,23.38,6.81,22.96,20.58,22
CORAL lambda,0.001,21.85,6.24,21.5,19.26,22
CORAL lambda,0.0001,21.11,6.15,20.74,18.43,22
CORAL lambda,1e-05,20.35,5.75,19.98,17.62,22
TCA components,10,17.8,5.06,17.13,12.17,22
TCA components,25,19.68,5.85,18.98,14.48,22
TCA components,50,20.7,6.39,20.09,16.08,22
TCA components,100,20.99,6.7,20.41,16.74,22
TCA components,200,21.55,6.81,21.04,17.6,22
SA components,10,8.54,5.99,7.95,5.31,22
SA components,25,7.82,5.09,7.45,5.26,22
SA components,50,8.09,5.17,7.87,6.18,22
SA components,100,4.85,1.49,4.66,3.12,22
SA components,200,6.48,3.3,6.34,5.09,22
