database,metric,contrast,mean_diff_pp,ci95_low,ci95_high,p_raw,p_holm_sidak,d_z,n_improve,n_worsen
NinaPro DB7,Accuracy,Raw vs CORAL,-1.36281,-2.45163,-0.187235,0.0208583,0.0412815,-0.49028,7,15
NinaPro DB7,Accuracy,Raw vs TCA,0.284844,-0.345387,0.941665,0.632729,0.632729,0.177569,11,11
NinaPro DB7,Accuracy,Raw vs SA,12.9972,10.5815,15.487,4.76837e-07,2.86102e-06,2.17804,22,0
NinaPro DB7,Accuracy,CORAL vs TCA,1.64765,0.649192,2.57697,0.000592709,0.00177707,0.707758,19,3
NinaPro DB7,Accuracy,CORAL vs SA,14.36,11.7947,16.7691,4.76837e-07,2.86102e-06,2.36112,22,0
NinaPro DB7,Accuracy,TCA vs SA,12.7123,10.5574,14.7809,4.76837e-07,2.86102e-06,2.45684,22,0
NinaPro DB7,Balanced acc.,Raw vs CORAL,-1.45433,-2.47038,-0.345659,0.0114727,0.0228138,-0.558375,7,15
NinaPro DB7,Balanced acc.,Raw vs TCA,0.420175,-0.207849,1.11571,0.336947,0.336947,0.262642,12,10
NinaPro DB7,Balanced acc.,Raw vs SA,12.7614,10.2975,15.2729,4.76837e-07,2.86102e-06,2.0922,22,0
NinaPro DB7,Balanced acc.,CORAL vs TCA,1.8745,0.912761,2.77533,0.000213146,0.000639302,0.819554,21,1
NinaPro DB7,Balanced acc.,CORAL vs SA,14.2157,11.6725,16.7211,4.76837e-07,2.86102e-06,2.3054,22,0
NinaPro DB7,Balanced acc.,TCA vs SA,12.3412,10.204,14.4346,4.76837e-07,2.86102e-06,2.35432,22,0
NinaPro DB7,Macro-F1,Raw vs CORAL,-2.53382,-3.53241,-1.43648,0.000592709,0.00118507,-0.980905,4,18
NinaPro DB7,Macro-F1,Raw vs TCA,1.05942,0.374857,1.80263,0.0172009,0.0172009,0.604759,15,7
NinaPro DB7,Macro-F1,Raw vs SA,11.2321,8.782,13.7402,9.53674e-07,3.81469e-06,1.86175,21,1
NinaPro DB7,Macro-F1,CORAL vs TCA,3.59324,2.69612,4.42982,4.76837e-06,1.4305e-05,1.71921,21,1
NinaPro DB7,Macro-F1,CORAL vs SA,13.766,11.4435,15.9971,4.76837e-07,2.86102e-06,2.44338,22,0
NinaPro DB7,Macro-F1,TCA vs SA,10.1727,8.13322,12.1418,4.76837e-07,2.86102e-06,2.02528,22,0
NinaPro DB3,Accuracy,Raw vs CORAL,0.508,-0.325446,1.40097,0.519531,0.519531,0.332003,6,5
NinaPro DB3,Accuracy,Raw vs TCA,-0.800513,-1.8178,0.0658398,0.27832,0.479178,-0.468276,5,6
NinaPro DB3,Accuracy,Raw vs SA,2.74433,1.21714,4.38788,0.0136719,0.0665156,0.959785,9,2
NinaPro DB3,Accuracy,CORAL vs TCA,-1.30851,-2.17602,-0.445282,0.0244141,0.0941378,-0.840312,2,9
NinaPro DB3,Accuracy,CORAL vs SA,2.23633,0.844301,3.82718,0.0322266,0.0941378,0.849515,8,3
NinaPro DB3,Accuracy,TCA vs SA,3.54484,1.90885,5.38302,0.00195312,0.0116617,1.14679,10,1
NinaPro DB3,Balanced acc.,Raw vs CORAL,0.597507,-0.391409,1.60126,0.464844,0.713608,0.340519,6,5
NinaPro DB3,Balanced acc.,Raw vs TCA,-0.679855,-1.72204,0.224164,0.464844,0.713608,-0.391983,6,5
NinaPro DB3,Balanced acc.,Raw vs SA,2.97243,1.30461,4.90795,0.00683594,0.0337156,0.923116,10,1
NinaPro DB3,Balanced acc.,CORAL vs TCA,-1.27736,-2.17466,-0.379796,0.0185547,0.0721785,-0.808313,2,9
NinaPro DB3,Balanced acc.,CORAL vs SA,2.37493,0.843521,4.04125,0.0537109,0.152633,0.838682,8,3
NinaPro DB3,Balanced acc.,TCA vs SA,3.65229,1.92011,5.58622,0.00195312,0.0116617,1.10172,10,1
NinaPro DB3,Macro-F1,Raw vs CORAL,-2.01297,-3.00593,-0.903685,0.0185547,0.0546376,-1.06021,3,8
NinaPro DB3,Macro-F1,Raw vs TCA,-1.68276,-2.47537,-0.876362,0.0136719,0.0535762,-1.1631,3,8
NinaPro DB3,Macro-F1,Raw vs SA,2.27389,0.384976,4.33163,0.0537109,0.104537,0.640157,8,3
NinaPro DB3,Macro-F1,CORAL vs TCA,0.330213,-0.421172,1.0282,0.320312,0.320312,0.256254,8,3
NinaPro DB3,Macro-F1,CORAL vs SA,4.28686,2.90924,5.79797,0.000976562,0.00584509,1.67734,11,0
NinaPro DB3,Macro-F1,TCA vs SA,3.95665,2.43518,5.78041,0.000976562,0.00584509,1.33732,11,0
NinaPro DB2,Accuracy,Raw vs CORAL,-0.987961,-1.62444,-0.418006,0.005577,0.0111229,-0.508562,13,27
NinaPro DB2,Accuracy,Raw vs TCA,0.320043,-0.17404,0.783878,0.142349,0.142349,0.201432,27,13
NinaPro DB2,Accuracy,Raw vs SA,8.65444,7.68907,9.60475,1.81899e-12,1.09139e-11,2.76489,40,0
NinaPro DB2,Accuracy,CORAL vs TCA,1.308,0.910366,1.70447,1.30443e-07,3.9133e-07,1.00604,34,6
NinaPro DB2,Accuracy,CORAL vs SA,9.6424,8.99144,10.3129,1.81899e-12,1.09139e-11,4.4656,40,0
NinaPro DB2,Accuracy,TCA vs SA,8.3344,7.60673,9.04619,1.81899e-12,1.09139e-11,3.53629,40,0
NinaPro DB2,Balanced acc.,Raw vs CORAL,-0.864791,-1.52045,-0.273061,0.0288499,0.0568676,-0.423254,15,25
NinaPro DB2,Balanced acc.,Raw vs TCA,0.512372,-0.0271459,1.02655,0.0298944,0.0568676,0.300948,28,12
NinaPro DB2,Balanced acc.,Raw vs SA,8.96585,7.97445,9.95635,1.81899e-12,1.09139e-11,2.75664,40,0
NinaPro DB2,Balanced acc.,CORAL vs TCA,1.37716,0.966699,1.77769,2.82294e-07,8.46883e-07,1.03144,34,6
NinaPro DB2,Balanced acc.,CORAL vs SA,9.83064,9.18579,10.5105,1.81899e-12,1.09139e-11,4.52618,40,0
NinaPro DB2,Balanced acc.,TCA vs SA,8.45348,7.74377,9.1684,1.81899e-12,1.09139e-11,3.59648,40,0
NinaPro DB2,Macro-F1,Raw vs CORAL,-1.79814,-2.41482,-1.22404,9.22682e-08,1.84536e-07,-0.92858,6,34
NinaPro DB2,Macro-F1,Raw vs TCA,1.03531,0.566746,1.49721,8.83105e-05,8.83105e-05,0.670908,30,10
NinaPro DB2,Macro-F1,Raw vs SA,7.6733,6.72724,8.60802,1.81899e-12,1.09139e-11,2.50146,40,0
NinaPro DB2,Macro-F1,CORAL vs TCA,2.83345,2.50692,3.15156,1.81899e-12,1.09139e-11,2.64084,40,0
NinaPro DB2,Macro-F1,CORAL vs SA,9.47144,8.90716,10.0517,1.81899e-12,1.09139e-11,5.08684,40,0
NinaPro DB2,Macro-F1,TCA vs SA,6.63799,6.04194,7.21841,1.81899e-12,1.09139e-11,3.47354,40,0
