database,method,n_subjects,classes,chance_pct,accuracy_mean,accuracy_sd,accuracy_ci95_low,accuracy_ci95_high,balanced_acc_mean,balanced_acc_sd,macro_f1_mean,macro_f1_sd,x_chance,subjects_above_chance
NinaPro DB7,Raw,22,40,2.5,20.6658,7.07356,17.7445,23.541,20.2849,7.15003,16.9066,7.04252,8.26634,22
NinaPro DB7,CORAL,22,40,2.5,22.0286,6.40434,19.2468,24.4503,21.7393,6.50802,19.4404,5.97797,8.81146,22
NinaPro DB7,TCA,22,40,2.5,20.381,6.4225,17.6936,22.8776,19.8648,6.44016,15.8472,5.91544,8.1524,22
NinaPro DB7,SA,22,40,2.5,7.66867,4.68162,5.88443,9.62397,7.52353,4.56613,5.67445,4.03363,3.06747,22
NinaPro DB3,Raw,11,17,5.88,8.87727,2.91965,7.23711,10.5574,9.22458,3.55996,6.12959,3.66756,1.50914,8
NinaPro DB3,CORAL,11,17,5.88,8.36927,2.69903,6.90898,9.94294,8.62707,3.07589,8.14256,2.74929,1.42278,8
NinaPro DB3,TCA,11,17,5.88,9.67778,3.14149,7.97247,11.487,9.90443,3.58406,7.81235,3.02359,1.64522,10
NinaPro DB3,SA,11,17,5.88,6.13294,0.58219,5.81433,6.47492,6.25215,0.692282,3.8557,0.566855,1.0426,6
NinaPro DB2,Raw,40,49,2.04,11.5189,3.31752,10.4701,12.4786,11.9211,3.44784,9.27932,3.2034,5.64428,40
NinaPro DB2,CORAL,40,49,2.04,12.5069,2.27804,11.8024,13.2191,12.7859,2.25507,11.0775,1.93562,6.12838,40
NinaPro DB2,TCA,40,49,2.04,11.1989,2.53853,10.4031,11.959,11.4087,2.51428,8.24402,2.0399,5.48746,40
NinaPro DB2,SA,40,49,2.04,2.8645,0.705712,2.65659,3.09216,2.95523,0.659143,1.60603,0.625861,1.4036,36
