database,method,seed_42,seed_123,seed_2024,seed_7,seed_999,mean,sd_across_seeds
NinaPro DB7,Raw,20.6018,20.9308,20.7205,20.5809,20.4951,20.6658,0.168589
NinaPro DB7,CORAL,21.8531,22.2028,21.9608,21.7877,22.3388,22.0286,0.23452
NinaPro DB7,TCA,20.699,20.6729,20.0793,20.4188,20.0349,20.381,0.315643
NinaPro DB7,SA,8.09136,7.20411,6.82922,7.45088,8.76778,7.66867,0.767239
NinaPro DB3,Raw,8.87307,9.04895,8.77095,9.32167,8.37171,8.87727,0.351384
NinaPro DB3,CORAL,8.89962,8.70291,7.70402,8.06362,8.47619,8.36927,0.484768
NinaPro DB3,TCA,9.50095,9.87318,9.60395,9.66473,9.7461,9.67778,0.141189
NinaPro DB3,SA,6.25407,6.04104,5.98485,5.7066,6.67815,6.13294,0.361962
NinaPro DB2,Raw,11.3413,11.7391,11.5805,11.3261,11.6078,11.5189,0.179514
NinaPro DB2,CORAL,12.2184,13.0187,12.1927,12.654,12.4506,12.5069,0.342313
NinaPro DB2,TCA,11.1938,11.4132,11.1096,11.1971,11.0808,11.1989,0.130265
NinaPro DB2,SA,2.66942,3.13491,2.84846,2.75775,2.91194,2.86449,0.176834
