subject_id,raw_accuracy,centering_accuracy,coral_accuracy,tca_accuracy,sa_accuracy,raw_random,centering_random,coral_random,tca_random,sa_random,raw_ratio,centering_ratio,coral_ratio,tca_ratio,sa_ratio
1,0.189281,0.189281,0.13512,0.161072,0.148378,5.88,5.88,5.88,5.88,5.88,3.22,3.22,2.3,2.74,2.52
2,0.127893,0.127893,0.091653,0.135609,0.123685,5.88,5.88,5.88,5.88,5.88,2.17,2.17,1.56,2.31,2.1
3,0.141417,0.141417,0.087555,0.123463,0.115101,5.88,5.88,5.88,5.88,5.88,2.4,2.4,1.49,2.1,1.96
4,0.109309,0.109309,0.064885,0.096221,0.108756,5.88,5.88,5.88,5.88,5.88,1.86,1.86,1.1,1.64,1.85
5,0.148763,0.148763,0.129549,0.153712,0.131295,5.88,5.88,5.88,5.88,5.88,2.53,2.53,2.2,2.61,2.23
6,0.167392,0.167392,0.104266,0.183936,0.154767,5.88,5.88,5.88,5.88,5.88,2.85,2.85,1.77,3.13,2.63
7,0.106546,0.106546,0.071901,0.103412,0.094882,5.88,5.88,5.88,5.88,5.88,1.81,1.81,1.22,1.76,1.61
8,0.108617,0.108617,0.060127,0.093378,0.098365,5.88,5.88,5.88,5.88,5.88,1.85,1.85,1.02,1.59,1.67
9,0.13303,0.13303,0.160603,0.134451,0.135873,5.88,5.88,5.88,5.88,5.88,2.26,2.26,2.73,2.29,2.31
10,0.130827,0.130827,0.105073,0.119238,0.103013,5.88,5.88,5.88,5.88,5.88,2.22,2.22,1.79,2.03,1.75
11,0.12912,0.12912,0.078331,0.120681,0.116383,5.88,5.88,5.88,5.88,5.88,2.2,2.2,1.33,2.05,1.98
12,0.114883,0.114883,0.083116,0.106179,0.101175,5.88,5.88,5.88,5.88,5.88,1.95,1.95,1.41,1.81,1.72
13,0.099494,0.099494,0.067735,0.106802,0.097246,5.88,5.88,5.88,5.88,5.88,1.69,1.69,1.15,1.82,1.65
14,0.132231,0.132231,0.110483,0.132666,0.120705,5.88,5.88,5.88,5.88,5.88,2.25,2.25,1.88,2.26,2.05
15,0.179727,0.179727,0.090243,0.143074,0.151163,5.88,5.88,5.88,5.88,5.88,3.06,3.06,1.53,2.43,2.57
16,0.09805,0.09805,0.076627,0.089261,0.10986,5.88,5.88,5.88,5.88,5.88,1.67,1.67,1.3,1.52,1.87
17,0.070739,0.070739,0.071667,0.098403,0.08485,5.88,5.88,5.88,5.88,5.88,1.2,1.2,1.22,1.67,1.44
18,0.120625,0.120625,0.086458,0.112917,0.096042,5.88,5.88,5.88,5.88,5.88,2.05,2.05,1.47,1.92,1.63
19,0.142999,0.142999,0.072886,0.131313,0.123391,5.88,5.88,5.88,5.88,5.88,2.43,2.43,1.24,2.23,2.1
20,0.125393,0.125393,0.093924,0.108448,0.10748,5.88,5.88,5.88,5.88,5.88,2.13,2.13,1.6,1.84,1.83
21,0.135205,0.135205,0.134945,0.152366,0.133385,5.88,5.88,5.88,5.88,5.88,2.3,2.3,2.29,2.59,2.27
22,0.129424,0.129424,0.105652,0.128368,0.123085,5.88,5.88,5.88,5.88,5.88,2.2,2.2,1.8,2.18,2.09
23,0.059193,0.059193,0.098515,0.091822,0.08241,5.88,5.88,5.88,5.88,5.88,1.01,1.01,1.67,1.56,1.4
24,0.124099,0.124099,0.08018,0.131306,0.134009,5.88,5.88,5.88,5.88,5.88,2.11,2.11,1.36,2.23,2.28
25,0.161513,0.161513,0.106571,0.136665,0.117615,5.88,5.88,5.88,5.88,5.88,2.75,2.75,1.81,2.32,2.0
26,0.109611,0.109611,0.109971,0.105472,0.098992,5.88,5.88,5.88,5.88,5.88,1.86,1.86,1.87,1.79,1.68
27,0.124773,0.124773,0.126072,0.117234,0.118794,5.88,5.88,5.88,5.88,5.88,2.12,2.12,2.14,1.99,2.02
28,0.163115,0.163115,0.106356,0.136616,0.129633,5.88,5.88,5.88,5.88,5.88,2.77,2.77,1.81,2.32,2.2
29,0.1185,0.1185,0.09946,0.140381,0.118215,5.88,5.88,5.88,5.88,5.88,2.01,2.01,1.69,2.39,2.01
30,0.17375,0.17375,0.118654,0.175521,0.15486,5.88,5.88,5.88,5.88,5.88,2.95,2.95,2.02,2.98,2.63
31,0.114265,0.114265,0.070859,0.094973,0.085142,5.88,5.88,5.88,5.88,5.88,1.94,1.94,1.2,1.61,1.45
32,0.19768,0.19768,0.132673,0.19333,0.169647,5.88,5.88,5.88,5.88,5.88,3.36,3.36,2.26,3.29,2.88
33,0.099893,0.099893,0.085165,0.122092,0.130416,5.88,5.88,5.88,5.88,5.88,1.7,1.7,1.45,2.08,2.22
34,0.097718,0.097718,0.111316,0.119613,0.119613,5.88,5.88,5.88,5.88,5.88,1.66,1.66,1.89,2.03,2.03
35,0.094975,0.094975,0.085132,0.094112,0.101019,5.88,5.88,5.88,5.88,5.88,1.61,1.61,1.45,1.6,1.72
36,0.140315,0.140315,0.115037,0.137219,0.139283,5.88,5.88,5.88,5.88,5.88,2.39,2.39,1.96,2.33,2.37
37,0.129602,0.129602,0.077074,0.140648,0.133039,5.88,5.88,5.88,5.88,5.88,2.2,2.2,1.31,2.39,2.26
38,0.165475,0.165475,0.142347,0.159378,0.148654,5.88,5.88,5.88,5.88,5.88,2.81,2.81,2.42,2.71,2.53
39,0.144829,0.144829,0.109559,0.130175,0.130346,5.88,5.88,5.88,5.88,5.88,2.46,2.46,1.86,2.21,2.22
40,0.172079,0.172079,0.144627,0.168731,0.118179,5.88,5.88,5.88,5.88,5.88,2.93,2.93,2.46,2.87,2.01
