database,method,class_index,f1_mean_pct
NinaPro DB7,Raw,1,31.6102
NinaPro DB7,Raw,2,23.0695
NinaPro DB7,Raw,3,33.487
NinaPro DB7,Raw,4,4.41555
NinaPro DB7,Raw,5,12.3569
NinaPro DB7,Raw,6,28.3804
NinaPro DB7,Raw,7,19.4917
NinaPro DB7,Raw,8,1.73709
NinaPro DB7,Raw,9,23.9064
NinaPro DB7,Raw,10,8.71482
NinaPro DB7,Raw,11,14.4118
NinaPro DB7,Raw,12,5.898
NinaPro DB7,Raw,13,38.6416
NinaPro DB7,Raw,14,30.0036
NinaPro DB7,Raw,15,21.3724
NinaPro DB7,Raw,16,20.3617
NinaPro DB7,Raw,17,27.0649
NinaPro DB7,Raw,18,4.84236
NinaPro DB7,Raw,19,1.83382
NinaPro DB7,Raw,20,2.72964
NinaPro DB7,Raw,21,5.35964
NinaPro DB7,Raw,22,6.94691
NinaPro DB7,Raw,23,16.5391
NinaPro DB7,Raw,24,12.5375
NinaPro DB7,Raw,25,10.9286
NinaPro DB7,Raw,26,5.22836
NinaPro DB7,Raw,27,10.6755
NinaPro DB7,Raw,28,5.23155
NinaPro DB7,Raw,29,2.10155
NinaPro DB7,Raw,30,2.95073
NinaPro DB7,Raw,31,17.0964
NinaPro DB7,Raw,32,23.3585
NinaPro DB7,Raw,33,10.6245
NinaPro DB7,Raw,34,23.3611
NinaPro DB7,Raw,35,28.1367
NinaPro DB7,Raw,36,41.524
NinaPro DB7,Raw,37,20.3347
NinaPro DB7,Raw,38,17.6646
NinaPro DB7,Raw,39,29.4362
NinaPro DB7,Raw,40,31.8972
NinaPro DB7,CORAL,1,33.9218
NinaPro DB7,CORAL,2,24.8455
NinaPro DB7,CORAL,3,35.3278
NinaPro DB7,CORAL,4,8.77645
NinaPro DB7,CORAL,5,15.2345
NinaPro DB7,CORAL,6,34.0919
NinaPro DB7,CORAL,7,21.4102
NinaPro DB7,CORAL,8,5.74182
NinaPro DB7,CORAL,9,28.3578
NinaPro DB7,CORAL,10,10.9987
NinaPro DB7,CORAL,11,15.4036
NinaPro DB7,CORAL,12,9.55527
NinaPro DB7,CORAL,13,35.8888
NinaPro DB7,CORAL,14,35.3196
NinaPro DB7,CORAL,15,24.8725
NinaPro DB7,CORAL,16,24.4272
NinaPro DB7,CORAL,17,29.7199
NinaPro DB7,CORAL,18,7.27127
NinaPro DB7,CORAL,19,5.12091
NinaPro DB7,CORAL,20,5.86873
NinaPro DB7,CORAL,21,11.1444
NinaPro DB7,CORAL,22,11.2305
NinaPro DB7,CORAL,23,20.5764
NinaPro DB7,CORAL,24,14.4062
NinaPro DB7,CORAL,25,13.9565
NinaPro DB7,CORAL,26,7.10573
NinaPro DB7,CORAL,27,13.0385
NinaPro DB7,CORAL,28,8.25027
NinaPro DB7,CORAL,29,4.30882
NinaPro DB7,CORAL,30,4.62136
NinaPro DB7,CORAL,31,22.8237
NinaPro DB7,CORAL,32,26.9727
NinaPro DB7,CORAL,33,14.0266
NinaPro DB7,CORAL,34,23.5948
NinaPro DB7,CORAL,35,28.4702
NinaPro DB7,CORAL,36,41.7316
NinaPro DB7,CORAL,37,25.6448
NinaPro DB7,CORAL,38,18.8197
NinaPro DB7,CORAL,39,26.8302
NinaPro DB7,CORAL,40,27.9092
NinaPro DB7,TCA,1,32.2128
NinaPro DB7,TCA,2,24.2933
NinaPro DB7,TCA,3,33.8744
NinaPro DB7,TCA,4,4.03927
NinaPro DB7,TCA,5,9.53345
NinaPro DB7,TCA,6,27.2859
NinaPro DB7,TCA,7,15.1755
NinaPro DB7,TCA,8,2.17464
NinaPro DB7,TCA,9,23.9015
NinaPro DB7,TCA,10,6.14255
NinaPro DB7,TCA,11,10.8982
NinaPro DB7,TCA,12,3.259
NinaPro DB7,TCA,13,35.3007
NinaPro DB7,TCA,14,29.0535
NinaPro DB7,TCA,15,20.2364
NinaPro DB7,TCA,16,19.4597
NinaPro DB7,TCA,17,25.0062
NinaPro DB7,TCA,18,3.42073
NinaPro DB7,TCA,19,0.476727
NinaPro DB7,TCA,20,1.59664
NinaPro DB7,TCA,21,4.20573
NinaPro DB7,TCA,22,7.606
NinaPro DB7,TCA,23,15.7905
NinaPro DB7,TCA,24,13.5207
NinaPro DB7,TCA,25,9.43909
NinaPro DB7,TCA,26,3.96955
NinaPro DB7,TCA,27,9.45236
NinaPro DB7,TCA,28,5.09391
NinaPro DB7,TCA,29,2.35473
NinaPro DB7,TCA,30,3.24609
NinaPro DB7,TCA,31,18.3585
NinaPro DB7,TCA,32,25.3001
NinaPro DB7,TCA,33,15.8167
NinaPro DB7,TCA,34,23.6891
NinaPro DB7,TCA,35,25.7721
NinaPro DB7,TCA,36,36.855
NinaPro DB7,TCA,37,20.0523
NinaPro DB7,TCA,38,13.6068
NinaPro DB7,TCA,39,26.5377
NinaPro DB7,TCA,40,25.8748
NinaPro DB7,SA,1,11.5148
NinaPro DB7,SA,2,8.24064
NinaPro DB7,SA,3,10.4421
NinaPro DB7,SA,4,2.65409
NinaPro DB7,SA,5,2.43936
NinaPro DB7,SA,6,11.2655
NinaPro DB7,SA,7,4.89936
NinaPro DB7,SA,8,1.00609
NinaPro DB7,SA,9,6.64073
NinaPro DB7,SA,10,0.667636
NinaPro DB7,SA,11,2.80373
NinaPro DB7,SA,12,1.02145
NinaPro DB7,SA,13,12.559
NinaPro DB7,SA,14,6.68827
NinaPro DB7,SA,15,6.80845
NinaPro DB7,SA,16,7.57236
NinaPro DB7,SA,17,7.53082
NinaPro DB7,SA,18,0.833182
NinaPro DB7,SA,19,0.744727
NinaPro DB7,SA,20,0.985
NinaPro DB7,SA,21,1.035
NinaPro DB7,SA,22,1.51118
NinaPro DB7,SA,23,4.04591
NinaPro DB7,SA,24,7.27264
NinaPro DB7,SA,25,5.04609
NinaPro DB7,SA,26,1.32418
NinaPro DB7,SA,27,3.34709
NinaPro DB7,SA,28,3.20836
NinaPro DB7,SA,29,1.06745
NinaPro DB7,SA,30,1.55536
NinaPro DB7,SA,31,5.99973
NinaPro DB7,SA,32,11.3119
NinaPro DB7,SA,33,4.90273
NinaPro DB7,SA,34,10.783
NinaPro DB7,SA,35,11.9279
NinaPro DB7,SA,36,19.3786
NinaPro DB7,SA,37,5.88018
NinaPro DB7,SA,38,2.26018
NinaPro DB7,SA,39,7.69891
NinaPro DB7,SA,40,10.0895
NinaPro DB3,Raw,1,4.34782
NinaPro DB3,Raw,2,3.25855
NinaPro DB3,Raw,3,2.83236
NinaPro DB3,Raw,4,2.55218
NinaPro DB3,Raw,5,3.59855
NinaPro DB3,Raw,6,12.2095
NinaPro DB3,Raw,7,9.942
NinaPro DB3,Raw,8,4.35509
NinaPro DB3,Raw,9,12.8749
NinaPro DB3,Raw,10,4.14
NinaPro DB3,Raw,11,4.57
NinaPro DB3,Raw,12,1.32
NinaPro DB3,Raw,13,4.40436
NinaPro DB3,Raw,14,5.19127
NinaPro DB3,Raw,15,9.99073
NinaPro DB3,Raw,16,5.17436
NinaPro DB3,Raw,17,13.4405
NinaPro DB3,CORAL,1,6.30945
NinaPro DB3,CORAL,2,7.90927
NinaPro DB3,CORAL,3,6.59091
NinaPro DB3,CORAL,4,8.33782
NinaPro DB3,CORAL,5,8.35636
NinaPro DB3,CORAL,6,14.0215
NinaPro DB3,CORAL,7,11.0798
NinaPro DB3,CORAL,8,7.56909
NinaPro DB3,CORAL,9,9.96055
NinaPro DB3,CORAL,10,7.69527
NinaPro DB3,CORAL,11,5.51855
NinaPro DB3,CORAL,12,4.96782
NinaPro DB3,CORAL,13,5.98
NinaPro DB3,CORAL,14,6.40145
NinaPro DB3,CORAL,15,8.49655
NinaPro DB3,CORAL,16,6.30873
NinaPro DB3,CORAL,17,12.9224
NinaPro DB3,TCA,1,5.42618
NinaPro DB3,TCA,2,8.48382
NinaPro DB3,TCA,3,4.36455
NinaPro DB3,TCA,4,6.03345
NinaPro DB3,TCA,5,9.14727
NinaPro DB3,TCA,6,13.9967
NinaPro DB3,TCA,7,9.36145
NinaPro DB3,TCA,8,7.71509
NinaPro DB3,TCA,9,14.3753
NinaPro DB3,TCA,10,6.80291
NinaPro DB3,TCA,11,3.74473
NinaPro DB3,TCA,12,3.25855
NinaPro DB3,TCA,13,2.17727
NinaPro DB3,TCA,14,6.03655
NinaPro DB3,TCA,15,10.0422
NinaPro DB3,TCA,16,4.07091
NinaPro DB3,TCA,17,17.7705
NinaPro DB3,SA,1,3.64982
NinaPro DB3,SA,2,2.38527
NinaPro DB3,SA,3,2.746
NinaPro DB3,SA,4,3.52927
NinaPro DB3,SA,5,4.96164
NinaPro DB3,SA,6,5.618
NinaPro DB3,SA,7,4.48964
NinaPro DB3,SA,8,2.28945
NinaPro DB3,SA,9,6.44345
NinaPro DB3,SA,10,2.45127
NinaPro DB3,SA,11,2.05327
NinaPro DB3,SA,12,0.757636
NinaPro DB3,SA,13,3.10327
NinaPro DB3,SA,14,3.452
NinaPro DB3,SA,15,6.74673
NinaPro DB3,SA,16,4.40109
NinaPro DB3,SA,17,6.468
NinaPro DB2,Raw,1,12.9902
NinaPro DB2,Raw,2,6.4281
NinaPro DB2,Raw,3,7.7243
NinaPro DB2,Raw,4,2.3352
NinaPro DB2,Raw,5,2.4987
NinaPro DB2,Raw,6,21.5164
NinaPro DB2,Raw,7,11.0366
NinaPro DB2,Raw,8,3.19975
NinaPro DB2,Raw,9,18.2035
NinaPro DB2,Raw,10,4.8931
NinaPro DB2,Raw,11,3.5569
NinaPro DB2,Raw,12,1.78765
NinaPro DB2,Raw,13,26.5914
NinaPro DB2,Raw,14,30.2535
NinaPro DB2,Raw,15,12.3047
NinaPro DB2,Raw,16,24.8166
NinaPro DB2,Raw,17,11.7635
NinaPro DB2,Raw,18,7.58235
NinaPro DB2,Raw,19,1.304
NinaPro DB2,Raw,20,2.00425
NinaPro DB2,Raw,21,2.465
NinaPro DB2,Raw,22,6.49035
NinaPro DB2,Raw,23,4.0848
NinaPro DB2,Raw,24,4.1648
NinaPro DB2,Raw,25,6.49025
NinaPro DB2,Raw,26,1.55025
NinaPro DB2,Raw,27,1.9447
NinaPro DB2,Raw,28,5.0732
NinaPro DB2,Raw,29,2.5921
NinaPro DB2,Raw,30,4.52045
NinaPro DB2,Raw,31,8.9846
NinaPro DB2,Raw,32,3.4652
NinaPro DB2,Raw,33,3.8013
NinaPro DB2,Raw,34,16.4322
NinaPro DB2,Raw,35,7.5714
NinaPro DB2,Raw,36,23.7278
NinaPro DB2,Raw,37,12.3277
NinaPro DB2,Raw,38,5.84025
NinaPro DB2,Raw,39,8.77415
NinaPro DB2,Raw,40,20.4273
NinaPro DB2,Raw,41,4.16885
NinaPro DB2,Raw,42,8.99825
NinaPro DB2,Raw,43,9.11425
NinaPro DB2,Raw,44,4.40105
NinaPro DB2,Raw,45,8.9352
NinaPro DB2,Raw,46,9.26205
NinaPro DB2,Raw,47,8.63975
NinaPro DB2,Raw,48,24.3747
NinaPro DB2,Raw,49,13.2732
NinaPro DB2,CORAL,1,18.2203
NinaPro DB2,CORAL,2,8.65515
NinaPro DB2,CORAL,3,10.5951
NinaPro DB2,CORAL,4,4.00765
NinaPro DB2,CORAL,5,2.3101
NinaPro DB2,CORAL,6,16.0513
NinaPro DB2,CORAL,7,13.263
NinaPro DB2,CORAL,8,3.2286
NinaPro DB2,CORAL,9,20.0742
NinaPro DB2,CORAL,10,5.0142
NinaPro DB2,CORAL,11,4.3482
NinaPro DB2,CORAL,12,3.00895
NinaPro DB2,CORAL,13,30.5856
NinaPro DB2,CORAL,14,30.8251
NinaPro DB2,CORAL,15,10.6516
NinaPro DB2,CORAL,16,24.1118
NinaPro DB2,CORAL,17,12.5475
NinaPro DB2,CORAL,18,10.6288
NinaPro DB2,CORAL,19,4.05345
NinaPro DB2,CORAL,20,4.5054
NinaPro DB2,CORAL,21,4.7001
NinaPro DB2,CORAL,22,7.7423
NinaPro DB2,CORAL,23,6.31215
NinaPro DB2,CORAL,24,6.5128
NinaPro DB2,CORAL,25,8.35925
NinaPro DB2,CORAL,26,2.97005
NinaPro DB2,CORAL,27,4.21235
NinaPro DB2,CORAL,28,5.9806
NinaPro DB2,CORAL,29,4.6476
NinaPro DB2,CORAL,30,6.66035
NinaPro DB2,CORAL,31,11.972
NinaPro DB2,CORAL,32,5.89245
NinaPro DB2,CORAL,33,5.84815
NinaPro DB2,CORAL,34,19.7889
NinaPro DB2,CORAL,35,9.79395
NinaPro DB2,CORAL,36,26.1349
NinaPro DB2,CORAL,37,14.4722
NinaPro DB2,CORAL,38,8.5486
NinaPro DB2,CORAL,39,16.1653
NinaPro DB2,CORAL,40,19.2236
NinaPro DB2,CORAL,41,5.8469
NinaPro DB2,CORAL,42,11.1492
NinaPro DB2,CORAL,43,12.1276
NinaPro DB2,CORAL,44,6.4063
NinaPro DB2,CORAL,45,7.05515
NinaPro DB2,CORAL,46,14.4858
NinaPro DB2,CORAL,47,9.8479
NinaPro DB2,CORAL,48,24.2106
NinaPro DB2,CORAL,49,19.0409
NinaPro DB2,TCA,1,18.3856
NinaPro DB2,TCA,2,6.14205
NinaPro DB2,TCA,3,7.8461
NinaPro DB2,TCA,4,3.71295
NinaPro DB2,TCA,5,1.14695
NinaPro DB2,TCA,6,16.0789
NinaPro DB2,TCA,7,10.5668
NinaPro DB2,TCA,8,3.20055
NinaPro DB2,TCA,9,17.2128
NinaPro DB2,TCA,10,2.7026
NinaPro DB2,TCA,11,2.41425
NinaPro DB2,TCA,12,1.85545
NinaPro DB2,TCA,13,22.5073
NinaPro DB2,TCA,14,29.2075
NinaPro DB2,TCA,15,5.7249
NinaPro DB2,TCA,16,16.9726
NinaPro DB2,TCA,17,4.8252
NinaPro DB2,TCA,18,9.47265
NinaPro DB2,TCA,19,2.59555
NinaPro DB2,TCA,20,1.6567
NinaPro DB2,TCA,21,2.12875
NinaPro DB2,TCA,22,6.2843
NinaPro DB2,TCA,23,1.855
NinaPro DB2,TCA,24,4.68695
NinaPro DB2,TCA,25,5.87355
NinaPro DB2,TCA,26,1.02045
NinaPro DB2,TCA,27,1.4139
NinaPro DB2,TCA,28,5.8069
NinaPro DB2,TCA,29,1.8746
NinaPro DB2,TCA,30,4.942
NinaPro DB2,TCA,31,11.0328
NinaPro DB2,TCA,32,2.99695
NinaPro DB2,TCA,33,4.1777
NinaPro DB2,TCA,34,18.2673
NinaPro DB2,TCA,35,6.3817
NinaPro DB2,TCA,36,21.9773
NinaPro DB2,TCA,37,13.1754
NinaPro DB2,TCA,38,5.28895
NinaPro DB2,TCA,39,7.7031
NinaPro DB2,TCA,40,18.5514
NinaPro DB2,TCA,41,2.6462
NinaPro DB2,TCA,42,7.50215
NinaPro DB2,TCA,43,7.7162
NinaPro DB2,TCA,44,4.22475
NinaPro DB2,TCA,45,6.2384
NinaPro DB2,TCA,46,7.37605
NinaPro DB2,TCA,47,4.22075
NinaPro DB2,TCA,48,20.847
NinaPro DB2,TCA,49,13.5178
NinaPro DB2,SA,1,2.4779
NinaPro DB2,SA,2,0.7376
NinaPro DB2,SA,3,1.49935
NinaPro DB2,SA,4,0.5166
NinaPro DB2,SA,5,0.527
NinaPro DB2,SA,6,2.6782
NinaPro DB2,SA,7,1.7141
NinaPro DB2,SA,8,0.34385
NinaPro DB2,SA,9,1.97815
NinaPro DB2,SA,10,1.0031
NinaPro DB2,SA,11,0.9639
NinaPro DB2,SA,12,0.8485
NinaPro DB2,SA,13,4.0454
NinaPro DB2,SA,14,1.54845
NinaPro DB2,SA,15,0.47965
NinaPro DB2,SA,16,3.08635
NinaPro DB2,SA,17,0.7758
NinaPro DB2,SA,18,2.0422
NinaPro DB2,SA,19,0.82495
NinaPro DB2,SA,20,0.3007
NinaPro DB2,SA,21,0.9406
NinaPro DB2,SA,22,1.6729
NinaPro DB2,SA,23,0.82095
NinaPro DB2,SA,24,0.19185
NinaPro DB2,SA,25,0.7574
NinaPro DB2,SA,26,0.1121
NinaPro DB2,SA,27,0.3245
NinaPro DB2,SA,28,0.74545
NinaPro DB2,SA,29,0.86615
NinaPro DB2,SA,30,1.40125
NinaPro DB2,SA,31,1.89385
NinaPro DB2,SA,32,0.46065
NinaPro DB2,SA,33,1.1026
NinaPro DB2,SA,34,3.03075
NinaPro DB2,SA,35,1.0361
NinaPro DB2,SA,36,4.94355
NinaPro DB2,SA,37,0.9084
NinaPro DB2,SA,38,0.9922
NinaPro DB2,SA,39,1.5042
NinaPro DB2,SA,40,3.1626
NinaPro DB2,SA,41,1.5778
NinaPro DB2,SA,42,2.43725
NinaPro DB2,SA,43,2.33895
NinaPro DB2,SA,44,1.2732
NinaPro DB2,SA,45,2.1527
NinaPro DB2,SA,46,3.2696
NinaPro DB2,SA,47,1.61355
NinaPro DB2,SA,48,5.20995
NinaPro DB2,SA,49,3.5626
