method_1,method_2,raw_p,adjusted_p,significant,rejected
raw,centering,2.384185791015625e-06,2.1457672119140625e-05,True,True
raw,coral,0.007443428039550781,0.022330284118652344,True,True
raw,tca,0.00021314620971679688,0.0012788772583007812,True,True
raw,sa,2.384185791015625e-06,2.1457672119140625e-05,True,True
centering,coral,0.007443428039550781,0.022330284118652344,True,True
centering,tca,0.00021314620971679688,0.0012788772583007812,True,True
centering,sa,5.245208740234375e-05,0.00036716461181640625,True,True
coral,tca,0.0003046989440917969,0.0012788772583007812,True,True
coral,sa,0.009274482727050781,0.022330284118652344,True,True
