database,method,delta_acc_pp,delta_acc_ci95_low,delta_acc_ci95_high,d_z,subjects_improve,subjects_worsen,p_adj_acc,delta_ba_pp,p_adj_ba,delta_f1_pp,p_adj_f1
NinaPro DB7,CORAL,1.36281,0.187235,2.45163,0.49028,15,7,0.0412815,1.45433,0.0228138,2.53382,0.00118507
NinaPro DB7,TCA,-0.284844,-0.941665,0.345387,-0.177569,11,11,0.632729,-0.420175,0.336947,-1.05942,0.0172009
NinaPro DB7,SA,-12.9972,-15.487,-10.5815,-2.17804,0,22,2.86102e-06,-12.7614,2.86102e-06,-11.2321,3.81469e-06
NinaPro DB3,CORAL,-0.508,-1.40097,0.325446,-0.332003,5,6,0.519531,-0.597507,0.713608,2.01297,0.0546376
NinaPro DB3,TCA,0.800513,-0.0658398,1.8178,0.468276,6,5,0.479178,0.679855,0.713608,1.68276,0.0535762
NinaPro DB3,SA,-2.74433,-4.38788,-1.21714,-0.959785,2,9,0.0665156,-2.97243,0.0337156,-2.27389,0.104537
NinaPro DB2,CORAL,0.987961,0.418006,1.62444,0.508562,27,13,0.0111229,0.864791,0.0568676,1.79814,1.84536e-07
NinaPro DB2,TCA,-0.320043,-0.783878,0.17404,-0.201432,13,27,0.142349,-0.512372,0.0568676,-1.03531,8.83105e-05
NinaPro DB2,SA,-8.65444,-9.60475,-7.68907,-2.76489,0,40,1.09139e-11,-8.96585,1.09139e-11,-7.6733,1.09139e-11
