method_1,method_2,statistic,p_value,significant,n,effect_size_r,note
raw,centering,0.0,1.0,False,11,1.0,
raw,coral,31.0,0.8984375,False,11,0.06060606060606055,
raw,tca,13.0,0.0830078125,False,11,0.6060606060606061,
raw,sa,10.0,0.0419921875,True,11,0.696969696969697,
centering,coral,31.0,0.8984375,False,11,0.06060606060606055,
centering,tca,13.0,0.0830078125,False,11,0.6060606060606061,
centering,sa,10.0,0.0419921875,True,11,0.696969696969697,
coral,tca,26.0,0.5771484375,False,11,0.21212121212121215,
coral,sa,14.0,0.1015625,False,11,0.5757575757575757,
tca,sa,24.0,0.46484375,False,11,0.2727272727272727,
