database,method,top_class_share_pct,classes_never_predicted_pct,normalized_entropy
NinaPro DB7,Raw,19.8696,5.27273,0.768137
NinaPro DB7,CORAL,8.86679,0.0227273,0.920369
NinaPro DB7,TCA,14.5763,6.47727,0.809085
NinaPro DB7,SA,28.1981,17,0.617551
NinaPro DB3,Raw,40.1916,13.6898,0.632777
NinaPro DB3,CORAL,11.4557,0,0.971999
NinaPro DB3,TCA,23.5728,0.748663,0.830298
NinaPro DB3,SA,32.1414,8.12834,0.660286
NinaPro DB2,Raw,22.0565,7.30612,0.737251
NinaPro DB2,CORAL,7.98532,0.0102041,0.917879
NinaPro DB2,TCA,14.3229,5.08163,0.801209
NinaPro DB2,SA,30.1172,24.898,0.557132
