database,subject_id,raw_acc,raw_ba,raw_f1,coral_acc,coral_ba,coral_f1,tca_acc,tca_ba,tca_f1,sa_acc,sa_ba,sa_f1
NinaPro DB7,1,23.0103,22.04,17.203,24.6261,23.9288,20.6282,22.1589,21.1781,15.8744,4.64464,4.57182,3.10656
NinaPro DB7,2,28.6807,29.3238,25.7338,27.2485,28.0694,24.2718,26.4834,26.8071,21.8992,5.11734,4.97478,3.00566
NinaPro DB7,3,22.6347,22.1305,18.3894,24.037,23.984,21.3326,23.6556,23.278,17.301,16.1322,15.8353,12.9793
NinaPro DB7,4,20.2238,20.2275,17.6137,24.781,25.6288,23.6175,18.5033,18.5349,15.3126,3.7215,3.96492,2.32898
NinaPro DB7,5,28.5896,26.8806,23.6788,26.0243,25.1164,23.4455,26.355,24.4922,19.821,7.29294,6.55096,4.60724
NinaPro DB7,6,18.994,19.3351,17.0691,21.573,21.675,19.6965,19.2825,19.423,16.6113,4.68988,4.64522,3.25908
NinaPro DB7,7,21.7334,21.1283,17.5107,27.8104,26.5747,23.2348,24.1211,22.994,17.9611,9.38478,8.5869,7.58486
NinaPro DB7,8,34.6649,34.4212,30.348,34.2916,33.8999,30.5671,30.2863,29.8694,25.0471,11.0225,10.822,8.61466
NinaPro DB7,9,25.9888,25.957,23.0194,25.4555,25.4862,23.247,25.2895,24.9056,22.0613,7.30648,7.37288,5.53474
NinaPro DB7,10,20.8787,21.0661,18.0519,24.3408,24.0725,21.6197,22.7495,22.7137,18.9035,6.43034,6.45938,4.97536
NinaPro DB7,11,19.7974,19.7906,17.3953,21.8807,22.2469,20.1811,17.95,17.8989,15.2234,5.40792,5.77922,4.48652
NinaPro DB7,12,16.5396,16.4133,13.3389,19.6793,19.416,18.1039,17.6648,17.5074,13.9889,3.46736,3.51008,1.71372
NinaPro DB7,13,14.9045,14.7341,11.9065,19.0819,18.7267,15.8551,15.7301,15.4221,11.8377,5.05362,5.07454,3.79086
NinaPro DB7,14,18.0671,17.1625,13.2523,20.0184,19.1903,17.1895,18.5306,17.3817,13.5094,7.2288,7.22946,5.25762
NinaPro DB7,15,23.6239,23.7403,19.8378,22.295,22.8374,19.7528,21.9655,22.071,16.8065,14.9653,15.0299,11.6825
NinaPro DB7,16,20.3791,20.308,16.5985,24.596,24.1351,21.994,20.6008,20.2087,16.3868,4.66444,4.46682,2.80878
NinaPro DB7,17,23.4593,22.626,19.9248,25.7818,25.0115,22.5984,24.7485,23.8361,19.5595,17.7232,17.1468,14.2098
NinaPro DB7,18,16.1804,15.404,10.3629,15.1516,14.6623,12.8265,15.2221,14.0227,8.95404,6.7403,6.5615,4.86516
NinaPro DB7,19,30.7854,30.2129,26.9404,24.9994,24.735,22.7381,30.3236,29.7679,25.4255,16.9802,16.6033,13.7287
NinaPro DB7,20,13.8743,12.9774,8.41722,17.9232,16.76,14.3764,14.6332,13.6004,9.7179,4.55342,4.44698,2.99084
NinaPro DB7,21,4.81532,3.92294,1.01072,4.86502,4.12534,3.1086,4.57762,3.87948,1.46168,2.76942,2.66934,1.11296
NinaPro DB7,22,6.8235,6.46692,4.3422,8.16956,7.98172,7.30396,7.54988,7.23254,4.9739,3.41408,3.21556,2.19404
NinaPro DB3,1,11.6344,12.5557,8.95594,8.92546,9.3968,8.88062,11.4222,11.6093,8.68082,7.29772,7.77292,4.85278
NinaPro DB3,2,9.69152,9.09704,5.58938,9.4078,9.10478,8.72344,11.2061,11.0161,7.29802,5.57186,5.20312,3.5609
NinaPro DB3,3,5.26026,6.03432,1.25782,5.72102,5.882,5.61018,6.13994,5.87654,4.978,5.43758,5.61666,3.3651
NinaPro DB3,4,8.35372,8.4099,6.39156,6.04982,6.06804,5.89706,7.4836,7.60896,6.12586,5.85492,5.87806,3.25736
NinaPro DB3,5,5.28906,5.2575,4.44504,6.09798,6.0469,5.8462,9.9209,9.72354,7.50498,6.3766,6.32788,3.68648
NinaPro DB3,6,7.20356,7.20582,1.84144,5.71212,5.7094,5.39106,7.10184,7.1018,4.36158,6.27812,6.26592,3.89638
NinaPro DB3,7,5.77334,5.78198,2.10214,5.46304,5.44636,5.11956,5.51216,5.4817,4.65846,5.64508,5.66302,3.61638
NinaPro DB3,8,8.52558,7.2277,6.36772,9.61104,9.70462,9.38518,9.30148,9.7268,8.6305,6.50906,6.15114,3.71522
NinaPro DB3,9,11.7444,14.0282,9.77734,13.1098,14.3202,12.9967,14.7407,15.5572,12.5227,6.33122,6.78404,4.5452
NinaPro DB3,10,9.9236,9.89466,7.51852,10.376,10.3727,10.0224,8.8947,8.84186,7.47972,6.65118,6.60784,4.64022
NinaPro DB3,11,14.2506,15.9776,13.1786,11.5879,12.846,11.6958,14.732,16.405,13.6952,5.509,6.503,3.27666
NinaPro DB2,1,13.7556,13.9048,10.4311,15.8097,15.2276,13.4157,15.029,14.3662,9.77762,3.16718,3.00674,1.93036
NinaPro DB2,2,7.83364,8.0595,4.61994,10.3156,10.2937,8.63632,6.80284,7.07144,4.63766,2.54638,2.61814,1.35282
NinaPro DB2,3,13.8704,15.1103,11.2731,12.328,13.4139,10.5726,11.2902,12.1787,8.2133,1.94532,2.12182,0.751
NinaPro DB2,4,10.7108,11.2389,8.98698,11.3436,11.9389,10.0874,10.1676,10.4752,6.92314,2.4325,2.63198,1.37188
NinaPro DB2,5,12.9478,12.7078,9.81958,13.192,12.9292,11.1224,12.6443,12.544,9.15978,4.88342,4.54036,3.10526
NinaPro DB2,6,12.1899,12.8915,10.3814,11.1657,11.7166,10.5054,10.1734,10.3377,8.15024,2.77516,3.09672,1.7694
NinaPro DB2,7,5.11018,4.89824,2.06346,9.03716,9.03162,7.84468,7.96692,8.00592,5.045,2.32722,2.32788,0.98468
NinaPro DB2,8,12.7092,12.3524,9.5465,14.9237,13.9881,12.3431,12.4153,11.8865,9.04608,2.40514,2.41834,1.22062
NinaPro DB2,9,14.4794,15.0611,12.6762,13.8055,14.2389,12.6934,11.7645,11.6746,9.31588,3.30654,3.33732,1.88892
NinaPro DB2,10,11.2479,12.3977,9.18572,10.1197,10.826,9.57794,10.573,11.1434,8.06844,2.98302,3.17008,1.73614
NinaPro DB2,11,10.1528,9.96274,7.84902,11.219,11.0044,9.74278,9.04704,8.72712,6.3478,2.94876,2.81586,1.5054
NinaPro DB2,12,11.141,12.9583,10.0081,12.3167,13.7286,11.2687,10.8933,12.6532,8.39844,2.29646,2.36194,0.9145
NinaPro DB2,13,15.658,15.2097,11.7603,16.15,15.6666,13.5983,13.5854,13.3538,9.25822,2.35784,2.35244,0.90926
NinaPro DB2,14,13.8732,15.8328,13.8136,14.1605,15.6575,14.0316,11.3548,12.477,10.5439,2.79068,3.03908,1.54728
NinaPro DB2,15,16.4577,17.4547,14.7398,16.047,16.7638,14.3317,14.6475,15.7522,11.4298,2.22418,2.33656,1.11878
NinaPro DB2,16,3.90506,3.75424,2.20766,8.15238,7.8611,6.99606,6.00118,5.64606,3.75306,1.73992,1.97512,0.781
NinaPro DB2,17,5.28254,5.48636,3.94164,10.3684,10.7394,9.023,6.70168,6.7383,4.13044,2.10472,2.0406,0.87168
NinaPro DB2,18,8.60594,9.12278,8.34924,12.0814,12.9488,11.7978,10.5351,11.0768,8.71024,1.92216,2.03754,0.71374
NinaPro DB2,19,11.2103,11.9174,9.59348,10.7664,10.7182,9.47732,11.5086,11.6458,8.39366,1.8896,2.0307,0.78812
NinaPro DB2,20,5.01224,5.59386,4.15332,9.52404,9.78114,8.81884,5.73804,6.3979,5.09526,2.38728,2.42324,1.1946
NinaPro DB2,21,8.98864,10.5509,8.03644,10.5885,12.2706,10.3306,8.32142,9.46612,6.55674,4.05874,4.04622,2.38622
NinaPro DB2,22,12.8413,12.3268,8.87998,12.978,12.7408,11.2981,11.9088,11.2803,7.64768,3.02614,2.91422,1.74428
NinaPro DB2,23,6.82128,6.26836,3.7744,14.2786,14.323,11.5367,10.8484,10.792,6.68234,2.8826,2.63718,1.1434
NinaPro DB2,24,10.6026,11.0663,9.88288,10.2798,10.6503,9.26736,11.0737,11.1655,8.40188,2.82174,3.21414,1.8384
NinaPro DB2,25,12.0703,12.0368,9.44196,12.0718,12.1268,10.2408,10.9957,10.9089,7.88904,3.30394,3.35452,2.18872
NinaPro DB2,26,10.0073,10.904,7.78046,11.0708,11.9493,10.5346,11.8285,12.4523,8.03306,2.61536,2.77688,1.38886
NinaPro DB2,27,15.2965,16.6555,13.9366,14.8407,16.2787,14.0404,13.8163,14.5752,11.6244,2.73476,3.05618,1.5942
NinaPro DB2,28,13.2243,13.5507,11.0645,11.9994,12.4092,10.7954,10.7495,11.2899,8.50392,2.76128,2.92152,1.75516
NinaPro DB2,29,14.0244,13.779,10.45,13.2881,13.1221,10.7486,15.0696,14.7798,10.278,3.41806,3.5827,2.15612
NinaPro DB2,30,15.9009,16.0154,11.3479,14.963,15.0056,12.1405,14.8957,14.8147,10.1567,3.61424,3.80604,2.29076
NinaPro DB2,31,8.96776,9.14164,7.08782,10.4704,10.4646,9.25268,9.9534,10.087,7.17438,2.47366,2.73992,1.2315
NinaPro DB2,32,11.6933,13.2763,10.6465,12.0701,12.7238,11.5034,12.7402,13.9303,10.8593,3.09708,3.32108,2.1488
NinaPro DB2,33,14.24,15.2572,12.4903,15.0268,15.8419,13.95,11.9628,12.4204,9.46218,2.95348,3.24758,1.83428
NinaPro DB2,34,18.3286,18.087,16.2508,18.0479,17.7692,15.225,16.3988,16.0846,12.7317,3.11302,3.23564,1.98602
NinaPro DB2,35,10.8346,11.6302,9.94796,12.029,12.8154,11.0231,10.7324,11.2412,9.04934,2.29594,2.51344,1.09886
NinaPro DB2,36,13.904,13.9004,11.0053,14.6005,14.0727,12.8019,13.4,13.232,9.69642,3.3525,3.27694,1.81532
NinaPro DB2,37,9.48924,8.96116,6.36532,8.98396,8.95064,7.98886,7.8847,7.60816,5.62442,2.6304,2.66084,1.1679
NinaPro DB2,38,11.891,12.4712,9.1852,13.2209,13.673,12.1106,11.6615,11.9671,8.03068,3.54628,4.03952,2.6365
NinaPro DB2,39,11.3641,11.5763,8.69772,11.7337,11.9543,10.2391,10.9205,11.0991,8.01304,3.57612,3.5646,2.08476
NinaPro DB2,40,14.1136,13.4732,9.50068,14.9076,13.8192,12.1858,13.9545,13.0018,8.94762,4.87098,4.61768,3.29552
