database,method,adaptation_s_mean,adaptation_s_sd,feature_fit_s_mean
NinaPro DB7,Raw,0.994545,0.175581,428.134
NinaPro DB7,CORAL,42.5451,14.6746,428.134
NinaPro DB7,TCA,26.2722,4.52986,428.134
NinaPro DB7,SA,9.45727,0.760183,428.134
NinaPro DB3,Raw,0.895273,0.136516,380.809
NinaPro DB3,CORAL,42.3658,19.0354,380.809
NinaPro DB3,TCA,25.758,2.57211,380.809
NinaPro DB3,SA,8.38945,0.785591,380.809
NinaPro DB2,Raw,0.8687,0.247764,366.65
NinaPro DB2,CORAL,36.7602,4.26844,362.236
NinaPro DB2,TCA,24.5205,51.1788,360.199
NinaPro DB2,SA,9.43785,0.738678,360.199
