method_i,method_j,rank_diff,critical_distance,significant,p_approx
raw,centering,0.0,1.3638871854351882,False,1.0
raw,coral,2.175,1.3638871854351882,True,7.6594441900113e-10
raw,tca,0.3875000000000002,1.3638871854351882,False,0.2730719866446738
raw,sa,1.1875,1.3638871854351882,False,0.0007829382178912159
centering,coral,2.175,1.3638871854351882,True,7.6594441900113e-10
centering,tca,0.3875000000000002,1.3638871854351882,False,0.2730719866446738
centering,sa,1.1875,1.3638871854351882,False,0.0007829382178912159
coral,tca,1.7874999999999996,1.3638871854351882,True,4.285600219144925e-07
coral,sa,0.9874999999999998,1.3638871854351882,False,0.0052210104131920065
tca,sa,0.7999999999999998,1.3638871854351882,False,0.023651616655355978
CD,1.3638871854351882,nan,1.3638871854351882,,nan
